date,X_australia,X_switzerland,X_france,X_germany,X_uk,X_japan
2002-06-01,0.06528650418333948,0.02558094913663811,0.060588757658371906,0.060588757658371906,0.04038915392519504,0.007936708860759367
2002-07-01,0.005971911298838339,0.040123501656452065,0.057012268591151605,0.057012268591151605,0.07479211612859737,0.032227160493827345
2002-08-01,0.008204622607439704,-0.02496587002694195,0.00017066935078013934,0.00017066935078013934,0.009534872290394958,-0.028775294117647343
2002-09-01,0.042382985405505336,-0.007903553386877427,0.018860740768279927,0.018860740768279927,0.035759944052576875,-0.02851309523809531
2002-10-01,0.038703458371454724,-0.01147000904761919,0.016133552635412718,0.016133552635412718,0.023089014971406252,-0.04091566265060265
2002-11-01,0.0528630316248635,0.00776080066947582,0.03646580216770956,0.03646580216770956,0.031418177277688475,-0.004144444444444506
2002-12-01,0.0365545875645823,0.010898974064999845,0.03598266482144652,0.03598266482144652,0.03587317513843802,-0.013100000000000112
2003-01-01,0.0731115042674253,0.03760392516079136,0.05923079566411604,0.05923079566411604,0.04723634227447526,0.012014634146340963
2003-02-01,0.05793341911134009,0.0042235006482482795,0.031198248061484524,0.031198248061484524,0.020754842516228944,-0.011900000000000022
2003-03-01,0.04517651108126275,-0.008764406507412836,0.015317058553546703,0.015317058553546703,0.008452438739971369,-0.011800000000000033
2003-04-01,0.05010399002493737,-0.02224987011961488,0.019172022563586744,0.019172022563586744,0.018617230439178734,-0.02341428571428572
2003-05-01,0.09871757377049195,0.040701897897036377,0.07844458902596196,0.07844458902596196,0.055998487527797236,0.012515662650602444
2003-06-01,0.06540754483611644,-0.01704964283073307,0.02226150480476008,0.02226150480476008,0.04871748316074931,-0.011400000000000077
2003-07-01,0.029219197233914418,-0.039347313943586815,-0.015920081866907965,-0.015920081866907965,0.0017855168041425173,-0.02127529411764728
2003-08-01,0.022593627970334484,-0.023315265908652516,-0.008070932688077459,-0.008070932688077459,0.006410558276308542,-0.009600000000000053
2003-09-01,0.05621549555078231,-0.004450454206325061,0.02085953268873686,0.02085953268873686,0.0384539217955957,0.025846428571428604
2003-10-01,0.08779032403918618,0.030086694550639725,0.0511984780170569,0.0511984780170569,0.06705514478489638,0.03611839080459789
2003-11-01,0.07042668393782381,-0.01685793335253416,0.010086860761185035,0.010086860761185035,0.033524602108146784,0.000898901098901117
2003-12-01,0.0762794495669179,0.04380718217805257,0.06178812715627657,0.06178812715627657,0.0667962016215895,0.0005782608695648062
2004-01-01,0.09022038966310397,0.010623522846306743,0.038703497045590174,0.038703497045590174,0.07307186184060299,0.000763440860215292
2004-02-01,0.05214912530776217,-0.013905834574101772,0.010456321449295203,0.010456321449295203,0.053779514450835286,-0.009700000000000042
2004-03-01,0.00797196911196929,-0.034826506154985726,-0.02039951459651912,-0.02039951459651912,0.008182154415466325,-0.0308957446808511
2004-04-01,0.03713998132337237,-0.02363492797181055,-0.012845978340655817,-0.012845978340655817,0.019330972361863985,0.0011782608695649621
2004-05-01,-0.012686255542120106,0.0012018045208792572,0.010623805154725163,0.010623805154725163,0.023246752370917,-0.05304516129032255
2004-06-01,0.027810868021025614,0.01670517683994288,0.02127901738095228,0.02127901738095228,0.05780989522956337,0.01128988764044947
2004-07-01,0.07436337033299711,-0.00717577550756987,0.016615342649282328,0.016615342649282328,0.04241254232726077,-0.013700000000000045
2004-08-01,0.03153650328166435,-0.025105723318730955,-0.0007833930080189955,-0.0007833930080189955,0.019505735470224383,-0.014800000000000146
2004-09-01,0.025292982702854738,-0.012588183974202805,0.007106873774244793,0.007106873774244793,0.01749020550458713,-0.015900000000000025
2004-10-01,0.08195000000000019,0.01163402753163112,0.02622756585405761,0.02622756585405761,0.03906020588727199,-0.006701098901098934
2004-11-01,0.08642655036118296,0.03903395160988765,0.04109267716745313,0.04109267716745313,0.05936296452398082,0.024017391304347768
2004-12-01,0.02773132139148471,0.005455173840028138,0.03125495540929002,0.03125495540929002,0.06450964515504931,-0.021700000000000053
2005-01-01,0.028638605863192446,-0.045932628521398344,-0.02433696758103121,-0.02433696758103121,-0.0023799383438765087,-0.013072916666666767
2005-02-01,0.0478971830985917,-0.030152922197102416,-0.013207778709136697,-0.013207778709136697,0.02676024491142215,-0.04573917525773208
2005-03-01,0.03346774193548363,-0.007130169268740216,0.007183689195420007,0.007183689195420007,0.030767176975252886,-0.026700000000000168
2005-04-01,0.013569342507645299,-0.03972382396935503,-0.027074549614460874,-0.027074549614460874,0.015652797857480305,-0.049969473684210786
2005-05-01,0.016350258464719714,-0.042102659656960695,-0.028940244073832888,-0.028940244073832888,-0.003715875618374387,-0.01933870967741913
2005-06-01,0.02515163773978868,-0.06470298401119778,-0.054538261006536914,-0.054538261006536914,-0.004852786383964913,-0.05269361702127673
2005-07-01,0.0030929698708750397,-0.04888009817542849,-0.02226639381474138,-0.02226639381474138,-0.024029911382516644,-0.06553804347826109
2005-08-01,0.03343755980861274,-0.0038869561367236294,0.007035964027667596,0.007035964027667596,0.03700353307819748,-0.02355393258426952
2005-09-01,0.023632571578670714,-0.03424704020023417,-0.02144238386052999,-0.02144238386052999,0.015241238074007901,-0.036800000000000166
2005-10-01,0.0014865115671154339,-0.04827922445929134,-0.03500807800912531,-0.03500807800912531,-0.016645540378653845,-0.07116333333333336
2005-11-01,-0.010513815527538162,-0.0517216980707047,-0.03914067380437425,-0.03914067380437425,-0.013324227244915221,-0.07491379310344826
2005-12-01,0.02325589555283525,-0.030080867110049203,-0.013239788284918896,-0.013239788284918896,0.009657651311314686,-0.042200000000000015
2006-01-01,0.023468678431900702,-0.01303537953165379,0.003123190046611324,0.003123190046611324,0.015538745285828659,-0.007749999999999924
2006-02-01,-0.0015449167221852633,-0.05788325665273808,-0.03620738833160875,-0.03620738833160875,-0.011747050548456262,-0.06757632183908036
2006-03-01,-0.012740226476138927,-0.03710057985969728,-0.01363466515912859,-0.01363466515912859,-0.003653621521739092,-0.04609999999999981
2006-04-01,0.02227086429947711,-0.020382570279661172,-0.0006502024262227124,-0.0006502024262227124,0.011345286549707678,-0.04754499999999995
2006-05-01,0.045324793051974455,0.01454814507719604,0.019013257466706124,0.019013257466706124,0.05558989547511306,0.010005882352940976
2006-06-01,-0.026061945280795973,-0.0492240379011164,-0.031152518994282064,-0.031152518994282064,-0.018604322523679828,-0.08222333333333354
2006-07-01,0.024573901878632176,-0.04426949583890738,-0.02201636431848719,-0.02201636431848719,-0.005695695069161788,-0.061534482758620945
2006-08-01,0.02041002922422952,-0.03555293276060856,-0.01308981941487275,-0.01308981941487275,0.02101238411321349,-0.05020000000000002
2006-09-01,-0.0033107980605424636,-0.04969938573372312,-0.02862649770899095,-0.02862649770899095,-0.010008898289425083,-0.061158139534883804
2006-10-01,0.00799652934163464,-0.04886626850790865,-0.02857489272426461,-0.02857489272426461,-0.007275305138276789,-0.06085600000000013
2006-11-01,0.03542195121951219,-0.015566481316033665,0.003951150035665929,0.003951150035665929,0.01818676258992813,-0.03687202380952348
2006-12-01,0.028393504140787007,-0.01350362822697515,0.008253123765589176,0.008253123765589176,0.02678439830588264,-0.04817999999999989
2007-01-01,0.006367498091117474,-0.06136547787964852,-0.033003902030730004,-0.033003902030730004,-0.002536216674308367,-0.07145647058823512
2007-02-01,0.011643981599795739,-0.029523674437853753,-0.00873422892046749,-0.00873422892046749,0.0017700104508091563,-0.04779999999999984
2007-03-01,0.024456628352490517,-0.013890466515553257,-0.001742295718654363,-0.001742295718654363,-0.0036403839910152946,-0.022244578313252994
2007-04-01,0.05705470247100353,-0.02692273852233984,0.006850411101807952,0.006850411101807952,0.024445679028448408,-0.058242352941176634
2007-05-01,0.009254550948869733,-0.038173660635305584,-0.01296264532789082,-0.01296264532789082,0.001423496946526548,-0.058582142857142805
2007-06-01,0.032379173733947164,-0.03980221247099758,-0.01985412682080434,-0.01985412682080434,0.005906820451567318,-0.058528915662650505
2007-07-01,0.04299151133800305,-0.006630888143738023,0.011845801285121915,0.011845801285121915,0.03150951522625456,-0.04600000000000004
2007-08-01,-0.03586362798202147,-0.02349143928724229,-0.018630793053660444,-0.018630793053660444,-0.00572181989683096,0.003656097560975624
2007-09-01,0.03448819201543851,-0.013778048375225449,0.012325595887657137,0.012325595887657137,0.013210582118349024,-0.034774418604651025
2007-10-01,0.08241954851672362,-0.019946983705997345,0.017138760675772913,0.017138760675772913,0.02587130205112942,-0.057691954022988545
2007-11-01,0.014140540240106692,0.02008124295439817,0.029172575368326514,0.029172575368326514,0.02499743172771285,0.0046069767441858644
2007-12-01,-0.007136837406539476,-0.041918007301219085,-0.012151417780611906,-0.012151417780611906,-0.013371619061881113,-0.05220777777777763
2008-01-01,0.03549752265168027,0.010119788035414912,0.010454420018726207,0.010454420018726207,-0.010820261961211886,0.0037303370786516687
2008-02-01,0.0710581661566363,-0.004604999531933052,0.008614617981827832,0.008614617981827832,0.015193281849558371,-0.029900000000000038
2008-03-01,0.05667634950180678,0.07086444892829946,0.06683188433853116,0.06683188433853116,0.04566235890257575,0.042964516129032404
2008-04-01,0.06139736471098556,-0.006261579650828075,0.0338340129544219,0.0338340129544219,0.020563817456907385,-0.039871717171717225
2008-05-01,0.07109961327747372,-0.037039622646768855,0.006032537133426441,0.006032537133426441,0.02181520816511906,-0.030495876288659907
2008-06-01,0.05305681626632919,0.0013979396251175835,0.02251312998646804,0.02251312998646804,0.03241787936895668,-0.03920833333333329
2008-07-01,0.06285547261066138,0.0026299792586501614,0.035089702296803305,0.035089702296803305,0.04376121985353931,-0.019000000000000128
2008-08-01,-0.04056502079002089,-0.05848467136264679,-0.03183949171901779,-0.03183949171901779,-0.024016023230088557,-0.051586170212766014
2008-09-01,-0.03356298355076581,-0.03010538074447111,-0.02127294429319715,-0.02127294429319715,-0.020247875499602497,0.013847252747252625
2008-10-01,-0.13366579333986284,-0.043793067891639836,-0.06449819690419745,-0.06449819690419745,-0.04226257875702444,0.03718510638297867
2008-11-01,-0.025960218340611352,-0.07011999684280523,-0.03342977523449919,-0.03342977523449919,-0.07848578811528872,-0.004032999999999953
2008-12-01,0.04434483386436039,0.02814021819071333,0.08151901388888882,0.08151901388888882,-0.011364493142819843,0.053759223300970715
2009-01-01,0.031637788361362995,-0.00452365926844589,-0.005186161892778873,-0.005186161892778873,-0.013202719038643007,-0.0011418181818181328
2009-02-01,-0.011199466982528827,-0.04117850139222545,-0.020214999101120235,-0.020214999101120235,0.010396933148941967,-0.030221621621621675
2009-03-01,0.0456948339483394,-0.0032760178291177944,0.027984904665155685,0.027984904665155685,-0.008534763139647739,-0.060450000000000226
2009-04-01,0.09703969396939716,-0.0030915603827570415,0.017258900034831326,0.017258900034831326,0.046564227014820325,-0.014067647058823574
2009-05-01,0.09267697680916465,0.028660083554117755,0.03967088097583171,0.03967088097583171,0.055165535848287206,0.017020792079208036
2009-06-01,0.07643683315899619,0.019933519326874816,0.034430253407592204,0.034430253407592204,0.07039825110260756,0.009764077669902838
2009-07-01,0.031687850467289724,-0.0004324008191687323,0.014013297351998633,0.014013297351998633,0.009068343979473203,0.021038461538461783
2009-08-01,0.06685460305628066,0.006387856096377931,0.018717378469437218,0.018717378469437218,0.016008292318964612,-0.007485849056603544
2009-09-01,0.06326673051598242,0.02585440172509057,0.027451030755776484,0.027451030755776484,-0.008003059599564488,0.050276190476190585
2009-10-01,0.08455148457434492,0.015599192778371407,0.02222944038671426,0.02222944038671426,-0.0032854026833302186,0.012040000000000273
2009-11-01,0.05027967354141394,0.006627747833043873,0.01088834086768764,0.01088834086768764,0.02731618007031833,0.011956756756756892
2009-12-01,0.017507426334674614,-0.017447233909721138,-0.017164837032210167,-0.017164837032210167,-0.018614563913488702,-0.005974107142856955
2010-01-01,0.05133565014965047,-0.005272004881353709,-0.016701652750843454,-0.016701652750843454,-0.0003620764328855497,-0.006650450450450651
2010-02-01,0.009174975347869152,-0.036299387479259426,-0.03655840459834592,-0.03655840459834592,-0.029498225213516416,0.011631818181818243
2010-03-01,0.07098210455007337,0.004346184959794108,-0.003377142543859679,-0.003377142543859679,-0.031652068254578,-0.006548648648648792
2010-04-01,0.05689594431656242,-0.00358412901169336,-0.00719802383774959,-0.00719802383774959,0.02246866295656802,-0.025389999999999913
2010-05-01,-0.019471442453033783,-0.05582890026135767,-0.06061394790191532,-0.06061394790191532,-0.039967329454735134,0.019766355140186986
2010-06-01,0.0226692757947895,-6.334787219031135e-05,-0.024884159417488227,-0.024884159417488227,0.009267275097143646,0.00861009174311933
2010-07-01,0.07404059023304832,0.06493864254670778,0.05053195380541875,0.05053195380541875,0.038642958125677085,0.03510181818181812
2010-08-01,0.07031311176872279,0.011336585826601686,0.01163046678635582,0.01163046678635582,0.026759230155515068,0.026013157894736683
2010-09-01,0.09003247445579743,0.03759085846800336,0.021394076183832933,0.021394076183832933,-0.0003728629334016631,0.017555555555555324
2010-10-01,0.0922444349861673,0.032014358943026844,0.06744332633747985,0.06744332633747985,0.02231739948046929,0.026100840336134246
2010-11-01,0.052979456101039046,-0.01663102988061793,-0.010669109656379572,-0.010669109656379572,0.010651989916178106,-0.007524590163934364
2010-12-01,0.05174795227019913,0.015537042675578538,-0.02432232096488529,-0.02432232096488529,-0.01841025565440768,-0.0075925619834709135
2011-01-01,0.05079077449894265,0.011921764946872138,0.018678460453231738,0.018678460453231738,0.01657710986854788,0.008761666666666779
2011-02-01,0.059553965067255854,0.005409352525061806,0.028803988803059788,0.028803988803059788,0.0266234278545181,0.000500000000000167
2011-03-01,0.04941733439111484,0.032939314002707665,0.03501212287639155,0.03501212287639155,0.007384234420739322,0.008892561983471436
2011-04-01,0.09568013448037171,0.022577986628487867,0.04070787756620975,0.04070787756620975,0.01901616453369659,-0.015887049180327795
2011-05-01,0.05531947487721944,0.02568818763622227,0.0021533560821140885,0.0021533560821140885,0.0030165142682705426,0.026111814999999927
2011-06-01,0.04219508196721322,0.03943278423952412,0.016962144655483957,0.016962144655483957,-0.0008415054126866828,0.00937848455284529
2011-07-01,0.06391772628802883,0.021611202368394533,0.003666580036987277,0.003666580036987277,0.00225914603859656,0.017304003225806275
2011-08-01,0.02003754753733422,0.05170394296060299,0.01770414977900092,0.01770414977900092,0.018244565168956672,0.03277287301587295
2011-09-01,0.0175429632450963,-0.11386717034615068,-0.028898367828574245,-0.028898367828574245,-0.03039530495231091,0.00038570000000004434
2011-10-01,0.0394672015655575,-0.02520226850294105,0.010956633315037267,0.010956633315037267,0.0056890310062773786,-7.100000000148654e-06
2011-11-01,0.03783202202989777,-0.017968803977991388,-0.0008122406474970756,-0.0008122406474970756,0.008432418480466719,-0.008124737692307815
2011-12-01,0.04313461234177218,-0.03197345610295976,-0.019418638945138067,-0.019418638945138067,-0.007977490611160265,-0.0008071000000000605
2012-01-01,0.07045235131396965,-0.008583703565428369,-0.009528742285207281,-0.009528742285207281,0.0016300670558799801,0.00617036434108531
2012-02-01,0.07187913586173766,0.024634817611502546,0.0339394613759596,0.0339394613759596,0.02510356245812928,-0.023845554615384734
2012-03-01,0.02066625046589654,-0.004189219086349838,0.0051928975028596724,0.0051928975028596724,0.009003974791192082,-0.04708408897637806
2012-04-01,0.024037108113243555,-0.002661070591444492,0.0020191867187930868,0.0020191867187930868,0.01871344792719931,0.017000447107437866
2012-05-01,0.0018497584541066203,-0.02934442217036548,-0.0225567568389059,-0.0225567568389059,0.0024808488000001017,0.02488783902439029
2012-06-01,0.034323206412825824,-0.023224494458778944,-0.016886065196711764,-0.016886065196711764,-0.016192024616930478,0.00041669999999993657
2012-07-01,0.06424141798517913,-0.024923483331699803,-0.01772081333227027,-0.01772081333227027,0.008698894021599068,0.008108559523809511
2012-08-01,0.05009344660194204,0.005813176444270596,0.012447422959025012,0.012447422959025012,0.0135140618867442,0.0002727000000000146
2012-09-01,0.02677443436754179,0.026627651962568555,0.03946260031962079,0.03946260031962079,0.030325687609718877,0.008572485039370026
2012-10-01,0.021759158177974358,0.002841263057123289,0.006987269072564972,0.006987269072564972,0.0012092784323454175,-0.006965367968750136
2012-11-01,0.040018702660710836,-0.009828727235689061,-0.010802405010690186,-0.010802405010690186,-0.003863362587064767,-0.030635253543307095
2012-12-01,0.036053291686688915,0.015186206443069894,0.021629927553166395,0.021629927553166395,0.014088010646292615,-0.031741998373983726
2013-01-01,0.03214849498327754,-0.00512346111111095,0.013582576335648078,0.013582576335648078,-0.008421967668008512,-0.058323011764706
2013-02-01,0.009061904761904715,-0.001074948465374037,0.0029878244410430632,0.0029878244410430632,-0.02808952663952402,-0.03520030714285727
2013-03-01,0.03069456838021356,-0.029625158661875983,-0.029552174608526327,-0.029552174608526327,-0.022693091379087482,-0.01807745000000016
2013-04-01,0.031886466892218523,0.007993918830686342,0.0055305112715202664,0.0055305112715202664,0.018364747798408576,-0.03743018867924519
2013-05-01,-0.017553583815028917,-0.022583764997658573,-0.0031422567955396996,-0.0031422567955396996,0.002136701907125671,-0.029197076470588224
2013-06-01,-0.023452969049299388,0.021575797472525027,0.016528534482154855,0.016528534482154855,0.015934056082892,0.0407780343434343
2013-07-01,-0.004936016949152688,-0.014998081671176666,-0.008074318405698389,-0.008074318405698389,-0.01719076275737441,-0.028810873786407787
2013-08-01,0.012955128345166544,0.01834620494180572,0.01812031073934306,0.01812031073934306,0.025280853284142424,0.02092559999999999
2013-09-01,0.05499984508133249,0.0014328706011759174,0.004822563944992808,0.004822563944992808,0.02856005720735233,-0.00874627450980403
2013-10-01,0.048517349242179764,0.021177975575604968,0.02228095409130404,0.02228095409130404,0.017546984098205654,0.011103564356435669
2013-11-01,0.0035861329971635936,-0.012414360598556273,-0.01032602979691477,-0.01032602979691477,0.004091180892036306,-0.018641176470588272
2013-12-01,-0.013245903045903118,0.020536549481569466,0.017154537169400186,0.017154537169400186,0.021704048149068234,-0.029066000000000147
2014-01-01,0.010661024498886285,-0.012841039916026586,-0.005248465859352458,-0.005248465859352458,0.009185648416040637,-0.009531958762886705
2014-02-01,0.03843860916685471,0.009659764360448353,0.005181848389163912,0.005181848389163912,0.009380181505767915,0.021879166666666672
2014-03-01,0.038151827501671676,0.013227877040173253,0.013543649323088047,0.013543649323088047,0.007922076772556963,0.0008199999999998209
2014-04-01,0.05082415007151475,-0.004152528264254829,0.0005476521068363827,0.0005476521068363827,0.011513699687199175,0.0009199999999998099
2014-05-01,0.024497691894793228,-0.007757918622704918,-0.00306065514120224,-0.00306065514120224,0.00970866927394276,0.0009199999999998099
2014-06-01,0.03242160128962901,-0.009763746349515823,-0.00836941657221879,-0.00836941657221879,0.00811384367652268,0.0009999999999998899
2014-07-01,0.02853192738921506,-0.0034636727205948903,-0.0032572248200494203,-0.0032572248200494203,0.013734918405488239,0.0009999999999998899
2014-08-01,0.016453594632016122,-0.014169126713353686,-0.01539136635406535,-0.01539136635406535,-0.01730137876479565,-0.009425510204081666
2014-09-01,-0.004436255236867637,-0.02995477572559402,-0.03143956879995713,-0.03143956879995713,-0.02037677538922167,-0.04052371134020638
2014-10-01,-0.00423311214333133,-0.017539603635682077,-0.016693194619795793,-0.016693194619795793,-0.008905208508287465,0.0008999999999999009
2014-11-01,0.009973761530577274,-0.012619876131491514,-0.01647934190986078,-0.01647934190986078,-0.014571969914147331,-0.07469333333333339
2014-12-01,-0.019802140212864305,-0.012268308607793599,-0.012045276918143166,-0.012045276918143166,-0.003834750922579455,-0.022778139534883945
2015-01-01,0.0019831052440353325,0.03178399690944089,-0.058650045575858845,-0.058650045575858845,-0.028186294068013318,0.012216071428571507
2015-02-01,-0.00860409226190495,0.0029786118980170695,-0.023802955947768822,-0.023802955947768822,0.016445235371813194,-0.011655058823529574
2015-03-01,0.012516467872258685,-0.052598989048020295,-0.0478246909251101,-0.0478246909251101,-0.020202604514319322,-0.011715119047619016
2015-04-01,0.02371910926980836,0.011708644093915366,-0.0008508164928704431,-0.0008508164928704431,0.004915911538975637,0.01236867469879499
2015-05-01,0.04114799741602071,0.02157731481481462,0.030628003049343766,0.030628003049343766,0.03718355959380015,-0.011525000000000007
2015-06-01,-0.0027834241540997118,-0.010208581045276666,0.003679192357180172,0.003679192357180172,0.011987872981366499,-0.023947108433735154
2015-07-01,-0.021080557355800278,-0.03297038523334572,-0.022335327162593455,-0.022335327162593455,0.0028857041602463607,-0.0001100000000000545
2015-08-01,0.004055582557040749,-0.023462874057189276,0.010550050962515378,0.010550050962515378,0.005071931568123356,-0.00021000000000004349
2015-09-01,-0.014243235092529005,-0.01444851694915239,0.00547231591235664,0.00547231591235664,-0.012229731287713319,0.02382308641975328
2015-10-01,0.03940794730131758,-0.006401260885441795,-0.0031594766797009566,-0.0031594766797009566,0.0034854972486633162,-0.0010099999999999554
2015-11-01,0.011338750000000175,-0.051292051729148413,-0.047632587889043454,-0.047632587889043454,-0.006467000169458337,-0.012878554216867344
2015-12-01,0.03364755107752604,0.004834301911541994,0.011212656092548068,0.011212656092548068,-0.011362018224299053,-0.0013099999999999223
2016-01-01,-0.015327225058645255,-0.025642990360068896,-0.009781654755842029,-0.009781654755842029,-0.03911789210333094,0.03293719512195126
2016-02-01,0.035247368421052805,0.0030517434086099193,0.014639847259327654,0.014639847259327654,-0.006931468593663004,0.019559176470588246
2016-03-01,0.07044681805438713,-0.0032750826556886548,-0.003456152439338611,-0.003456152439338611,-0.002378788124562936,0.01859103448275845
2016-04-01,0.03941449893390181,0.0049622255861865305,0.011212025199517583,0.011212025199517583,0.005324023966593927,0.017973932584269603
2016-05-01,-0.0290664405010439,-0.027502926300578046,-0.010981088195546218,-0.010981088195546218,0.014789952929673555,0.006095604395604193
2016-06-01,0.025868734626947498,-0.0049127914792723715,-0.015325765719428786,-0.015325765719428786,-0.022454234281189756,0.02752826086956528
2016-07-01,0.03203912984731794,-0.026353878414929643,-0.02389541933760697,-0.02389541933760697,-0.07505846508417302,0.005622526315789411
2016-08-01,0.02663831850179288,-0.0017071856876045288,0.004563701191014902,0.004563701191014902,-0.0035894673366834162,0.02564812500000002
2016-09-01,0.005231340935902384,-0.017016692561662494,-0.009303571603151983,-0.009303571603151983,-0.0002497380352646239,-0.016826868686869
2016-10-01,0.013016335133710921,-0.029392457420924667,-0.02864657060892395,-0.02864657060892395,-0.06558680890410962,-0.027359591836734865
2016-11-01,-0.0008891923834537518,-0.023423335966818004,-0.03038388233157807,-0.03038388233157807,0.00508038929440402,-0.048330000000000206
2016-12-01,-0.01462926181625046,-0.037144435588323144,-0.03304257762483975,-0.03304257762483975,0.0009959327461390721,-0.07179391304347815
2017-01-01,0.025587639531718054,-0.004969928644240396,-0.0033497182144550663,-0.0033497182144550663,-0.014304630761836079,0.0034944186046510506
2017-02-01,0.03593224380442073,-0.011912250654845913,-0.010849608924220933,-0.010849608924220933,0.0050086031373819395,0.014561379310344735
2017-03-01,0.0035222860125263544,-0.017234259253419815,-0.008148885070422551,-0.008148885070422551,-0.01701959281312515,-0.008140000000000036
2017-04-01,-0.0036521910259774693,-0.01735399599399101,-0.010949221409312093,-0.010949221409312093,0.017387918628006593,0.013244494382022465
2017-05-01,-0.005702853729758317,-0.003902098967570433,0.01765333468151753,0.01765333468151753,0.016073048318695937,-0.03173032967032974
2017-06-01,0.023898628479225525,-0.00040954733349773953,0.002711979267790987,0.002711979267790987,-0.016624622089875474,0.00130224719101113
2017-07-01,0.03855609627082779,-0.011473475314617732,0.011452701860589443,0.011452701860589443,0.00590685583138173,-0.022157333333333473
2017-08-01,0.01886891251441014,-0.025307594602381633,0.008959277784661213,0.008959277784661213,-0.01266458048630359,0.011038764044943639
2017-09-01,0.012080922299431363,-0.017681822569746264,-0.007353477451149892,-0.007353477451149892,0.020352898857319612,-0.022935164835165
2017-10-01,-0.019027012791572484,-0.04080253657362842,-0.02901294644106278,-0.02901294644106278,-0.019785704482758626,-0.023057333333333374
2017-11-01,-0.017538366718027887,-0.031193025094611526,-0.01691293260121418,-0.01691293260121418,-0.007640769739433395,-0.011970000000000036
2017-12-01,0.007737742782152335,-0.017746994281842676,-0.008596443838882584,-0.008596443838882584,0.006207514776424228,-0.012570000000000192
2018-01-01,0.043284780334728046,0.0033533069044171526,0.01172121315878405,0.01172121315878405,0.021283562399283973,-0.003526966292134892
2018-02-01,-0.009786764705882467,0.0013565782817424044,-0.007898859630162347,-0.007898859630162347,-0.0011129177517363864,0.017736000000000196
2018-03-01,-0.014071221558408453,-0.03949904837917495,-0.0215696264181523,-0.0215696264181523,-0.011251403137310989,-0.006359999999999921
2018-04-01,-0.011352751643253,-0.050005868103374596,-0.02925094164794173,-0.02925094164794173,-0.007099710088723787,-0.030478617021276633
2018-05-01,-0.022518610098906877,-0.058062345044705865,-0.06159516246943786,-0.06159516246943786,-0.05802015320690401,-0.04255623655913976
2018-06-01,-0.005658365448504954,-0.022538270289602313,-0.03699231101935363,-0.03699231101935363,-0.028314659465479064,-0.02082000000000006
2018-07-01,-0.014132315284075991,-0.03461743019503005,-0.024608388071385545,-0.024608388071385545,-0.025505907808033634,-0.03211758241758256
2018-08-01,-0.012249101715520627,-0.022693624985982153,-0.036679407632162486,-0.036679407632162486,-0.035976375307704256,-0.020790000000000086
2018-09-01,-0.018864150170648353,-0.009477294682523452,-0.014730841777085057,-0.014730841777085057,0.0008679861313867221,-0.03211122222222229
2018-10-01,-0.016537898973078224,-0.05585565597193953,-0.040881999485729015,-0.040881999485729015,-0.018556665268635975,-0.02190000000000003
2018-11-01,0.015094417100267155,-0.03900976386182897,-0.03763653672641398,-0.03763653672641398,-0.024315030740854615,-0.03444157303370787
2018-12-01,-0.017171878018490405,-0.024515637200921203,-0.027360135675658537,-0.027360135675658537,-0.03530632006201573,-0.013730681818182155
2019-01-01,-0.009261528804575203,-0.03249482642332846,-0.026690170567014837,-0.026690170567014837,0.001028127321541561,0.0073247191011236445
2019-02-01,-0.007341029226681561,-0.04561857334301045,-0.03500447714135568,-0.03500447714135568,-0.007721911851794383,-0.03647282608695657
2019-03-01,-0.013015582959641003,-0.03169184120411428,-0.03264011031808978,-0.03264011031808978,-0.0044374702980947145,-0.0355923076923077
2019-04-01,-0.0023301750917821273,-0.040110611784670014,-0.033363602876702925,-0.033363602876702925,-0.02696878560036453,-0.02429999999999999
2019-05-01,-0.03163629587962302,-0.034476913381062846,-0.031975239585187665,-0.031975239585187665,-0.029964333410085087,-0.013083333333333114
2019-06-01,-0.008853794096472134,-0.009387297111885573,-0.017894681123381773,-0.017894681123381773,-0.030514352392065347,-0.0019212087912088283
2019-07-01,-0.0054336020731355905,-0.03080554999999985,-0.03370145896414334,-0.03370145896414334,-0.03221532149901374,-0.033267956989247116
2019-08-01,-0.04051434508455132,-0.021096472680564915,-0.033136253136476834,-0.033136253136476834,-0.03884136104646496,3.978260869574868e-05
2019-09-01,-0.0048380811808117485,-0.040615377275396214,-0.035236521250786135,-0.035236521250786135,0.0043181250000001725,-0.031149255319149027
2019-10-01,-0.01301894350696986,-0.03066937840515127,-0.020225079336248175,-0.020225079336248175,0.010863303419839987,-0.03096365591397854
2019-11-01,-0.005696498970285457,-0.026168802022207838,-0.023559107944671087,-0.023559107944671087,0.007074630639172241,-0.018710000000000004
2019-12-01,0.00026860993115573883,-0.014405055801562039,-0.01603489225280197,-0.01603489225280197,0.0078014824588634735,-0.017520000000000202
2020-01-01,-0.013874284884565213,-0.01189671808981041,-0.022980943494691486,-0.022980943494691486,-0.012237241589747372,-0.017390000000000017
2020-02-01,-0.03513821339950385,-0.030436761710794125,-0.03719534047903783,-0.03719534047903783,-0.018576154787397048,-0.02716184782608677
2020-03-01,-0.07452241896758705,-0.005619102635689099,-0.007666251580973338,-0.007666251580973338,-0.05382422604801951,0.006292637362637299
2020-04-01,0.0069975233193952935,-0.03130305065234085,-0.033443195644659585,-0.033443195644659585,-0.004054935726413023,-0.013440000000000119
2020-05-01,0.026633032319391514,-0.01288177224809206,-0.006837350151779775,-0.006837350151779775,-0.010662560386473618,-0.007990000000000053
2020-06-01,0.05797454350161102,0.010343881062221394,0.027765586274869358,0.027765586274869358,0.019623841651764007,-0.0021200000000000108
2020-07-01,0.019458182345267305,0.011186013062214784,0.01450280841993079,0.01450280841993079,0.014140852830791362,0.008328172043011062
2020-08-01,0.022376562499999864,0.016115555748846377,0.023483332891788944,0.023483332891788944,0.03403520982599795,-0.0024500000000000632
2020-09-01,0.002418367346938455,-0.013988991875731216,-0.01016658174046392,-0.01016658174046392,-0.01572332039869151,0.00848138297872314
2020-10-01,-0.01467086101882642,-0.005661854013141343,-0.007649060053226409,-0.007649060053226409,0.0018503823279523157,-0.0018500000000001293
2020-11-01,0.020438674343491003,-0.006641552753815616,-0.0013878370465361112,-0.0013878370465361112,0.01610346687211095,0.00877052631578934
2020-12-01,0.034645722145804525,0.016331238043181262,0.021960130463144045,0.021960130463144045,0.016688649795423283,-0.0021500000000000963
2021-01-01,0.02426192246415293,-0.007010912967629457,-0.00626350352638827,-0.00626350352638827,0.014013287181777523,-0.0022500000000000853
2021-02-01,0.002195042712917372,-0.021283161175531973,-0.013731443668911214,-0.013731443668911214,0.01547267062532054,-0.012360937500000113
2021-03-01,-0.006546794789113908,-0.04247309878782435,-0.02230073772118435,-0.02230073772118435,-0.0008885988317590687,-0.03321157894736859
2021-04-01,-0.0018676653696497736,0.000284016736401993,-0.0011261766381972516,-0.0011261766381972516,-0.0014994589915602319,-0.0016499999999999293
2021-05-01,0.007354122841189303,0.012662184055125092,0.008564546677810148,0.008564546677810148,0.01707808595160687,-0.0017500000000001403
2021-06-01,-0.016064124694061488,-0.013907740671411095,-0.014425874714779408,-0.014425874714779408,-0.004392502130076692,-0.012512499999999815
2021-07-01,-0.030178411618474343,-0.01872972700864839,-0.02506810123143799,-0.02506810123143799,-0.015584748663101666,-0.0016199999999998438
2021-08-01,-0.016038317378994082,-0.005356127397831534,-0.010991435196222255,-0.010991435196222255,-0.0009972769409039017,-0.0017199999999998328
2021-09-01,0.00019539978094185173,-0.017097755751976473,-0.006644945224317467,-0.006644945224317467,-0.005014466913096927,-0.0017199999999998328
2021-10-01,0.012777516411378587,-0.009108480206699188,-0.020398663215237756,-0.020398663215237756,-0.002559080978735695,-0.03466329670329649
2021-11-01,-0.014871883432272082,-0.006901364737827431,-0.022372953037766874,-0.022372953037766874,-0.016898788409605237,-0.0018200000000000438
2021-12-01,-0.021810291501300205,-0.007973638797594274,-0.017090063467541383,-0.017090063467541383,-0.01199987372799527,-0.0021200000000000108
2022-01-01,0.0023961565338923574,-0.006862946174729823,-0.006112000669429185,-0.006112000669429185,0.018873404495226564,-0.013548068181818307
2022-02-01,-0.0030331058495821628,-0.013265889109331241,-0.00498966270717871,-0.00498966270717871,0.0019875322759130842,-0.00268999999999997
2022-03-01,0.02551535779048697,-0.017704551001199498,-0.03803790510225635,-0.03803790510225635,-0.023396691285081372,-0.03875586206896553
2022-04-01,-0.006958421480878885,-0.030551644004364054,-0.03175973496371898,-0.03175973496371898,-0.015422972357229892,-0.06728464285714286
2022-05-01,-0.049041865833786225,-0.0516812700812701,-0.035326884832186156,-0.035326884832186156,-0.03650668058455109,-0.022242025316456027
2022-06-01,-0.005595128532878801,-0.009731661764706079,-0.017157272727272743,-0.017157272727272743,-0.00981133622768926,-0.05223269230769234
2022-07-01,-0.0271418505338078,-0.02368918626730787,-0.058761003983241133,-0.058761003983241133,-0.030453579545454357,-0.04531799999999975
2022-08-01,0.01133207409568282,-0.012823971672487389,-0.028470776619459737,-0.028470776619459737,-0.006939834821056312,-0.011615616438356069
2022-09-01,-0.047123042666283865,-0.04421290569650549,-0.046449321105564434,-0.046449321105564434,-0.0618622047901195,-0.08184324324324332
2022-10-01,-0.0508660020986359,-0.05236229073389154,-0.02668527183645719,-0.02668527183645719,-0.0019090812720847783,-0.060826857142857294
2022-11-01,0.027525431711146187,-0.0031068848870763333,0.010673631042998677,0.010673631042998677,0.03143869572890945,-0.009252941176470575
2022-12-01,0.009749423893268494,-0.0020996522411127483,0.013515170766733142,0.013515170766733142,0.03058853926835492,0.012373714285714321
2023-01-01,0.018248177237700336,-0.029571741154941655,-0.006540767722819085,-0.006540767722819085,-0.002443300492610767,-0.004715540540540353
2023-02-01,-0.022110409777138962,-0.03809745094415207,-0.02977381401469459,-0.02977381401469459,-0.01900443736209856,-0.0721324675324676
2023-03-01,-0.04537046278833623,-0.037025960559207594,-0.020133331293216372,-0.020133331293216372,-0.0006431479642503568,-0.04739000000000004
2023-04-01,-0.010837088076692591,-0.004972886964569545,0.004121562798098832,0.004121562798098832,0.020673587081891487,-0.04917999999999989
2023-05-01,-0.02067473086124405,-0.034888499550763674,-0.027570763546798105,-0.027570763546798105,-0.0019088060421019737,-0.07697639999999994
2023-06-01,-0.0015516332982086212,-0.04009631956912041,-0.020403880515801776,-0.020403880515801776,0.007796467478372149,-0.07908205479452057
2023-07-01,-0.0051964248473110874,-0.003547946237086874,0.004840039542100216,0.004840039542100216,0.020838227607507864,-0.05222999999999978
2023-08-01,-0.05010367843369945,-0.0432209351011863,-0.031489119088496054,-0.031489119088496054,-0.013900263708989335,-0.08169816901408467
2023-09-01,-0.022695174221399883,-0.06085968414160947,-0.039236472960586743,-0.039236472960586743,-0.02609295608373996,-0.06892231884057975
2023-10-01,-0.026241463035019397,-0.04159453040662098,-0.026514783456486057,-0.026514783456486057,-0.017256837089088206,-0.06936941176470579
2023-11-01,0.01393423664723481,-0.021728288760390235,0.010071895710536571,0.010071895710536571,0.0220815605749487,-0.05471999999999999
2023-12-01,0.01937163491087901,-0.006895323033594192,-0.005734549319799553,-0.005734549319799553,0.01813729195143532,-0.024002089552239037
2024-01-01,-0.01858682205289086,-0.02990578569575386,-0.014821775598129694,-0.014821775598129694,0.002657802006794441,-0.06718028985507263
2024-02-01,-0.027026311030741157,-0.05662628906889211,-0.02345469442567727,-0.02345469442567727,-0.006480796787654564,-0.06705955882352921
2024-03-01,-0.0030406623735046434,-0.04831279712305925,-0.005553951194116058,-0.005553951194116058,0.006814038004751,-0.05192999999999981
2024-04-01,-0.017515050320219716,-0.061710200817487126,-0.027634486353879106,-0.027634486353879106,-0.017118988437032856,-0.0816932835820896
2024-05-01,0.009487183033656255,-0.037007006369426776,-0.006105305008307749,-0.006105305008307749,0.008499536630183213,-0.0676113846153844
2024-06-01,-0.007179987926350551,-0.021327989821882998,-0.0196771153119093,-0.0196771153119093,0.004957803102247693,-0.06765515624999985
2024-07-01,-0.004027838000602246,-0.036082262245262786,-0.007459805351667681,-0.007459805351667681,0.011535640138408354,-0.05130999999999997
2024-08-01,-0.010848119286677838,-0.0013735777006722572,0.0002850682015866912,0.0002850682015866912,0.00392412587412605,0.028056825396825413
2024-09-01,0.010158666266146366,-0.027702539477726384,-0.007831171093878764,-0.007831171093878764,0.020105747392815898,-0.019163235294117342
2024-10-01,-0.01519675036927648,-0.05498166844169028,-0.03373119853849338,-0.03373119853849338,-0.014158574778727617,-0.08900685714285717
2024-11-01,-0.02890376119402971,-0.05967607227053151,-0.040479439232196546,-0.040479439232196546,-0.023194939814459747,-0.0735671641791047
2024-12-01,-0.032131678921568874,-0.04931180867143181,-0.029683004739039065,-0.029683004739039065,-0.005978316847228937,-0.04167999999999994
