date,australia_hedged_return_usd,france_hedged_return_usd,germany_hedged_return_usd,japan_hedged_return_usd,switzerland_hedged_return_usd,uk_hedged_return_usd
2002-06-01,-0.03203039506220458,-0.04716043237745621,-0.044748415202210706,0.05427809567721503,0.00925237179428029,-0.03568750325599385
2002-07-01,-0.05739333861351634,-0.10186208246470041,-0.08926373871352361,-0.07074540209876545,-0.07938763694471816,-0.11229977133012058
2002-08-01,-0.06773804181274831,-0.11812724764479114,-0.12287699772571724,-0.04003047251764685,-0.12209166424359086,-0.11058825999408915
2002-09-01,-0.016412915832809936,-0.02093738056277933,-0.019208295329981126,-0.0075120140714284925,0.015694798309829828,-0.020160801779379376
2002-10-01,-0.07174547690539781,-0.16421864096623062,-0.2205530932656392,-0.0038701400843371564,-0.07799341295238081,-0.13682434863136905
2002-11-01,-0.0203180711604143,0.09674689953269805,0.08986872787567624,-0.04545112056790109,0.04185633460587148,0.05247330553399032
2002-12-01,-0.0401268262462142,0.029120041216883677,0.010255917771782183,0.04701087759999991,0.04651186258261056,0.006154371428629783
2003-01-01,-0.0469633060650783,-0.08448991271198734,-0.11734574682028624,-0.04213735497560936,-0.08201782688093516,-0.07955617204501046
2003-02-01,-0.05042981694081329,-0.05735196578178212,-0.04973318774233562,-0.013896151999999877,-0.04297256457557118,-0.11466019821459045
2003-03-01,-0.08890876217511764,-0.0666321483235049,-0.06730249636161331,0.008851946000000133,-0.04491506365784816,0.0027500235240065316
2003-04-01,0.0045879375344972245,-0.057190359585722446,-0.05043303765648284,-0.018960272214285583,0.0015769913292813798,-0.028507991678230732
2003-05-01,0.010247578960000045,0.10604672796652553,0.16422156665498064,0.02714225877710836,0.1375207517627705,0.06857376411817777
2003-06-01,-0.031735958323191336,0.02068494505372022,0.010956551410781418,0.060949533900000075,0.01945078112539657,0.019033225968540596
2003-07-01,-0.017710384152074515,0.022642789970471564,0.054957581199184966,0.08613444753411768,0.04356450565744262,-0.02190072855785422
2003-08-01,-0.0010331117800515856,0.025433501120369458,0.04973029505552116,0.05037719840000005,0.05641561739429272,0.011659048391418458
2003-09-01,-0.009410892739260511,0.023589099467686343,-0.00047726313533475936,0.0766033081928572,0.030525881203645962,-0.011520102236307204
2003-10-01,-0.03262739017483048,-0.0529021249733008,-0.0583732689115274,0.03640852630804581,-0.006427190692338627,-0.04133759253878068
2003-11-01,-0.004116960522711405,0.05643296365336177,0.08641359331846327,0.03660283953406578,0.05141467963615196,0.01976763776061212
2003-12-01,-0.0598257892715839,0.0024722164852774287,0.005466597063193926,-0.029240648413043108,0.028363348518444825,-0.015397870070971001
2004-01-01,-0.008580370202692575,0.022817104934113625,0.024366426929787827,0.05301492205591391,0.036575236573162355,-0.0007779592496004878
2004-02-01,-0.05218387854217976,0.018591232330733096,0.026704163322345695,0.015208228300000043,0.05800480455840167,-0.04167152376203759
2004-03-01,-0.014815766921595992,0.01629865487098122,-0.01202767268876568,0.0408900311489359,0.024185724758023126,-0.002851520615123425
2004-04-01,-0.021599371190995274,-0.02794327448260478,-0.039382329342893485,0.10842979312826094,-0.01510453653317275,-0.04442544943365628
2004-05-01,-0.049789913239016596,-0.0005023563933606624,0.018442124080406838,0.03675781081720445,0.039467522784373044,-0.008541302516333301
2004-06-01,-0.030943933503807114,0.0011482579938308195,-0.02233833659628568,-0.02935104722471907,-0.012433357776391782,-0.04769744955453527
2004-07-01,-0.00932472984621631,0.01946628527014807,0.022139921831979076,0.06050897850000014,0.01838331588296377,-0.020007685803971973
2004-08-01,-0.030163790682935353,-0.023880658193431905,-0.0356353593386301,-0.030114085999999853,-0.008113314627228446,-0.04681575017236138
2004-09-01,-0.016626532287892036,-0.013129070009500293,-0.03014601006560729,0.0068776700000001256,-0.004701118924307794,-0.016618513286293532
2004-10-01,-0.00013227405352879418,0.011335766817138486,0.021403629045034088,-0.005871874637362566,0.02028543159150588,-0.00530918280226339
2004-11-01,0.0027706897301893324,0.01576375505942007,0.011431332252855572,0.0028425119999999325,0.0006199219184723492,-0.015720520741887622
2004-12-01,0.014571265984553591,0.01625784902641038,0.042264578755193974,0.03457754200000005,0.03583926230605436,-0.005299173827527509
2005-01-01,-0.003197448722397647,0.02558203272725661,0.02993672583905011,0.07182673650000027,0.05602513187750934,0.005141673783418009
2005-02-01,-0.009079094878403901,0.0352865963028499,0.014033384318273097,0.023908407783505278,0.043495808397479616,-0.010678047394020548
2005-03-01,-0.00578388299354823,0.040708569744908996,0.03172330816614159,0.05230102050000007,0.056305724934549016,0.0031064431138996124
2005-04-01,-0.0363899158636595,0.016772743476561974,0.005708561921628174,0.03953545376526328,0.019908127900109932,-0.028112201513416903
2005-05-01,-0.058499417017963413,-0.01718714214273201,-0.019720514918131815,-0.01214306292473117,0.010942513020260093,-0.036701010190812816
2005-06-01,0.0024790538935928197,0.07086239018941481,0.06601321301078981,0.04284022447234053,0.06264985607945489,0.020660362058839414
2005-07-01,0.02271800874088956,0.04471287039328508,0.04234591480553508,0.06214683761956559,0.048284349491917886,0.017877839450586144
2005-08-01,-0.016733928893540938,0.06606439436947541,0.0778830654842086,0.051327920359550416,0.08421207670156483,0.02271960876627612
2005-09-01,-0.0004812864234172119,0.0010506349479639902,0.00815805461221779,0.08981445370000007,0.02184578840129517,1.1288520374599237e-05
2005-10-01,0.03260738316481476,0.059142996178734614,0.05240108520912521,0.15621867538333326,0.09198151468361973,0.024250863160745144
2005-11-01,-0.04814276440637014,-0.017749121597472252,-0.004000840201281948,0.06375241889655185,0.038867869567665005,-0.027227361685400277
2005-12-01,0.02457931365830275,0.0508018298656891,0.060544483637917396,0.10509544549999991,0.0840899075150176,0.026730047183480113
2006-01-01,0.0155989820530784,0.05260420305294158,0.05734773578991147,0.12490484837857123,0.06459482572010189,0.03954268065673044
2006-02-01,0.025610038241865564,0.06617157667104465,0.07587770901443885,0.07651254226436775,0.07021608158246079,0.020429484137509862
2006-03-01,0.001418937586276427,0.03466606182371839,0.05380670035108869,0.01297824299999991,0.05893322795332808,0.02290652156826059
2006-04-01,0.03558799596774009,0.06406352158856071,0.05311451982905761,0.09489418139999985,0.06497036838400658,0.03801988152046772
2006-05-01,0.01992746796426914,0.023107610413657075,0.029550763812858677,0.03873840411764702,0.05687171002961676,0.009874224550260241
2006-06-01,-0.04770633634323852,-0.01569005963389994,-0.026290547583849036,-0.02742527479999976,-0.016361256477037997,-0.04091032025445467
2006-07-01,0.011228309330558225,0.035309693044835694,0.01754604257818229,0.052384352347126746,0.03663449761318058,0.02616668415739059
2006-08-01,-0.01916263474468652,0.03312378532379155,0.02660066300157715,0.03491222000000012,0.07000977049899966,0.01969747465541391
2006-09-01,0.025433127844122563,0.05377020677554855,0.048999999322667645,0.0902916515523258,0.06777362910738642,0.012039593374689883
2006-10-01,0.004701493716465461,0.03698498713838201,0.05160317097616681,0.039650163529411836,0.07952792652976676,0.02099243431952309
2006-11-01,0.0355882881756097,0.03946204765544897,0.054158150396322574,0.05479052387499968,0.05905960420063346,0.03018062047961617
2006-12-01,0.01337743859055359,0.022272001994614224,0.022007369204421725,0.039479565999999994,0.030976359380441052,-0.002522900650823841
2007-01-01,0.027380745535733927,0.0609131678032708,0.0638597244758416,0.09459744334470552,0.08013279871875302,0.034302684623490565
2007-02-01,0.00805648637950376,0.02636997051825109,0.04980380395902689,0.07209742649999974,0.07448665788920866,-0.0033503096800938563
2007-03-01,0.006107274452413682,0.0039590939810398625,0.007495975481192663,0.0628492989698794,-0.0023423114727971414,-0.0038982228449641054
2007-04-01,0.022149726215758975,0.045848859691382346,0.047474637530616946,0.03139636809411764,0.06459052999491655,0.029252536698269195
2007-05-01,0.018789222466819768,0.06021049993286382,0.06705983014394931,0.0371714205952382,0.09029540079484728,0.020034723857940553
2007-06-01,0.01769577625411914,0.05558762358831434,0.06353114614329294,0.073923055498795,0.04259745294541448,0.021075205418546482
2007-07-01,-0.012067330239784051,0.016173499413350584,0.017625110589343386,0.05660024689999994,0.005156444889483923,-0.018756942821513158
2007-08-01,-0.02537723538630863,-0.03451444766526705,-0.026699892985826555,0.0031784691707314756,-0.007809200223981315,-0.04076784929943514
2007-09-01,-0.0008760771096008105,-0.009605023848907837,0.0047029128104200645,-0.009013254104651175,0.02185261571184615,-0.011341304528294424
2007-10-01,0.03857799768812198,0.009265866669597188,0.027263290730100385,0.055664514919540345,0.03413323864554925,0.0008658651439507822
2007-11-01,0.01489227489839921,0.03137070127498129,0.029255336330577385,0.05025350273255834,0.04748728598987782,0.03152824405229585
2007-12-01,-0.054917182251757526,-0.02433492700226629,-0.01979474206826099,-0.012784679944444474,-0.011236029040052414,-0.05436353708588959
2008-01-01,-0.04481025338180987,-0.010079898492797307,0.015280421738592193,0.006820644258426831,0.0004791952186328878,-0.012176111789693213
2008-02-01,-0.1534751245405191,-0.14333849549982083,-0.13274853019577423,-0.06274698199999987,-0.09377302943537914,-0.10603984700213157
2008-03-01,-0.049686382752107974,-0.03512145677026786,-0.018598425638077155,0.0068755016129030955,-0.008762263424215759,-0.02046124626308185
2008-04-01,-0.09281269433239336,-0.037977046392823996,-0.045367829432128096,-0.05021284879797967,-0.030488189612841422,-0.04691279671926059
2008-05-01,-0.002128402208443611,0.04995412772828486,0.03364830883788246,0.12564862040412372,0.07381884978272785,0.02233829884790084
2008-06-01,-0.024177884213537688,6.514753184226271e-05,0.00016188216047806,0.05532856337083329,0.017746652031908717,-0.03636486652580148
2008-07-01,-0.12871285438334548,-0.1354113938182016,-0.1053291802879355,-0.04128087999999977,-0.08334561800320515,-0.10630942667615921
2008-08-01,-0.0904590251590435,-0.03831217733961531,-0.026262930328383616,0.006969635031915014,0.01740420506588599,-0.060111195248893745
2008-09-01,-0.0008056267054791857,0.0053497357689845475,-0.02342336991181785,-0.016164187868131726,0.029630105552396112,0.021847542375282098
2008-10-01,-0.10538625840597446,-0.09735518034039875,-0.09027054250606614,-0.10735822765957448,-0.07049233415676687,-0.13502684600333836
2008-11-01,-0.15100036503842804,-0.1298683161142119,-0.2294871227682146,-0.17041627628999995,-0.07698357172770906,-0.11791293552140908
2008-12-01,-0.08888269438810478,-0.07748220087962973,-0.07093499228240742,-0.016960547766990117,-0.04068546532780243,-0.04272741685561426
2009-01-01,-0.022521428841672693,-0.022621361897614028,0.024889426269094572,0.04191309600000023,-0.02400942527654221,0.020930181848068007
2009-02-01,-0.07431641000414577,-0.07756949134428887,-0.10254696949069496,-0.07219392778378372,-0.035666572432225346,-0.07078856095228866
2009-03-01,-0.0709830405830257,-0.10363088507853388,-0.10890322274751889,-0.03674655783333307,-0.0844110913459289,-0.07031658528498116
2009-04-01,0.06123476946165593,0.028690507802471274,0.03493609740210357,0.032644621222548874,0.03243488108358904,0.010771282287536675
2009-05-01,0.04086664711796595,0.1335375952390332,0.15578324054610168,0.08073744881881187,0.12857977158685815,0.09157564586737349
2009-06-01,-0.00824108970482508,0.041598526227978494,0.034645621644115096,0.07169725579805836,0.037975876938580885,0.03573649073148254
2009-07-01,0.012844067555925077,-0.037139873882610835,-0.03074049396053293,0.038658998459615214,0.011332429927210133,-0.03408667234675271
2009-08-01,0.05003771159013515,0.07370410412013118,0.07987473516805928,0.021626208839622244,0.08797704898424948,0.08125313837203559
2009-09-01,0.04018062190472868,0.07218768621306522,-0.0070587697243032835,0.014569877838094908,0.052823966370540223,0.07519213918764228
2009-10-01,0.03300006917319638,0.045322377033752234,0.02866114188131314,-0.047080952245454576,0.030417115525410696,0.03796865551303072
2009-11-01,-0.05751243389136434,-0.04300443487699884,-0.04373976108845564,-0.02232522695495519,-0.008454008170905173,-0.02350897282790543
2009-12-01,-0.020604143235598615,0.0057849188592762665,0.02510623432265817,-0.06347745709821434,-0.0009648010022431618,0.0166574099108501
2010-01-01,-0.0037934065818201676,0.04978660473737206,0.04251699665658455,0.07746592670270275,0.040323703397834906,0.03781069227982245
2010-02-01,-0.09169158281220555,-0.03590795220524308,-0.04396217542688878,-0.009514903872727142,-0.009202072408710071,-0.03335536107315258
2010-03-01,-0.02336249796095747,-0.01477602023830412,-0.00999489658333332,-0.00950374360360361,0.03469892013877989,0.027618816793494604
2010-04-01,0.014185161954554479,0.06396814923368918,0.08124887446176579,0.09635813278999991,0.04830803779550296,0.061277902426058975
2010-05-01,-0.05087656551176861,-0.02265254766214518,0.00045024612368622235,0.008712027850467013,-0.015879616327632226,-0.012597059179819868
2010-06-01,-0.1190913426747389,-0.05358423218061727,-0.030008490711063873,-0.10519064165137623,-0.035326341081836486,-0.06808366090012966
2010-07-01,-0.07311259159643972,-0.01790830539422665,0.002255077384935647,-0.03679815445454542,-0.01799422702020228,-0.04637052757204749
2010-08-01,-0.002397401383928785,0.051025730294075075,0.02642167309622938,0.008299138621052915,0.030559888182896115,0.07075219952905763
2010-09-01,-0.055218921995113426,-0.03951604809207124,-0.035523241164535035,-0.05252090784615353,-0.007207129148867564,-0.006375361830214937
2010-10-01,0.004343317620834203,0.06295492047703585,0.052425578268732356,0.03831145366722706,0.031101731834968657,0.0577869033799116
2010-11-01,-0.025691492243838047,0.028785249316188373,0.046702512061645274,-0.02435245995081984,0.02282203098934523,0.014504620806151395
2010-12-01,-0.05450926943917472,-0.05313952244686211,-0.0012422573640584085,0.05998835900826412,-0.016194183115164937,-0.029784524720881916
2011-01-01,-0.008601853057286946,0.042922699528910466,0.03488608045865856,0.04421055681416662,0.02857685935072496,0.06365050166635422
2011-02-01,-0.04472930219518206,0.03168187873941261,0.009988892663756313,0.013352213099999833,0.0021288117746031945,-0.0086343752234193
2011-03-01,-0.02405736387360174,0.018545807176625552,0.014360461523579247,0.04413445006776846,0.029053234086642732,0.01871777370973678
2011-04-01,-0.04181441751919331,-0.03610084831941945,-0.027906220894312647,-0.07092398393442631,-0.021938423366248568,-0.01953258455616089
2011-05-01,-0.052911220986021947,0.022157673882892713,0.040818639921170914,-0.01745911052500003,0.03674248593377593,0.024313899808608458
2011-06-01,-0.06836793611859472,-0.008075333669310257,-0.030882087396048957,-0.01349615443902409,-0.0034858053818072193,-0.009773500690362518
2011-07-01,-0.07216379510567963,-0.014943264154879177,-0.004148551078957577,0.012024993985483925,-0.05640575924346793,-0.01205790228633056
2011-08-01,-0.07767985215341802,-0.07228448915833532,-0.04601598387420222,-0.00983082714285715,-0.07727297008660909,-0.027729807887857574
2011-09-01,-0.0635621236145497,-0.10767487023484576,-0.16940021710019146,-0.07694516100000004,-0.04417555295016001,-0.07532928393580349
2011-10-01,-0.1067084486191779,-0.09339167536057456,-0.06906928365911227,0.0005984729000000486,-0.007912577062287748,-0.04964735630207348
2011-11-01,0.027410130994807325,0.06089668148657337,0.08718238006846987,0.0020252923300001155,0.04807604786407919,0.06706213910717898
2011-12-01,-0.07551396938587808,-0.04474731830334994,-0.021134415434932732,-0.04465360399999994,-0.01435733095151634,-0.013410169146526534
2012-01-01,-0.057613278893499355,-0.01247117133774972,-0.03379789662395272,0.005963225054263589,0.03871669814679847,-7.942882055568014e-05
2012-02-01,0.01053028474580904,0.0446713396266433,0.0805151314728709,0.031719947881538535,0.019543696846832256,0.022004182507549618
2012-03-01,-0.015211274270369241,0.03829160813841523,0.04778039268103513,0.09638246237559056,0.03849902917326504,0.036167454643178915
2012-04-01,-0.028058362578852455,-0.008123207227575487,0.006498155972303313,0.03561937414380174,0.02408776350311359,-0.011710157735086012
2012-05-01,-0.027034508010821322,-0.049688676736930004,-0.019857052055015,-0.05552574004878049,-0.006347526114043919,-0.013514042190250002
2012-06-01,-0.10039052720200423,-0.046283478995776034,-0.06664596165983994,-0.10076109799999994,-0.03114206204872716,-0.06779107003742772
2012-07-01,-0.02863932142399353,0.05256080271117127,0.011799157938442068,0.06779318122619049,0.0288435917318723,0.04443627900117643
2012-08-01,0.006577888595145263,0.02225249294985259,0.046251212456579885,-0.03926203599999992,0.05164612428973431,0.0077585093690117
2012-09-01,-0.011506079251761489,0.034155895373148615,0.019658953207503313,-0.003869264125984326,0.0035563400316229454,0.012864942219666622
2012-10-01,-0.012434927790947459,-0.004899250938766073,0.02488704307296863,0.016445574524999937,0.02323925775738781,0.007885315477117382
2012-11-01,0.0013213203304522636,0.020025833388646087,0.016519956868575086,0.004180496347244194,0.01798588781857156,0.008528361100497567
2012-12-01,-0.027911345941326316,0.03898661533748551,0.021451474195302904,0.047634656500000025,0.034265280750846505,0.018083946416677085
2013-01-01,0.004481153277591861,0.01907546375838362,0.02224778597782092,0.086360548235294,0.004592695740464149,0.007696180942954512
2013-02-01,0.023091137850190284,0.030609461319021536,0.028165126812015936,0.09151021004642867,0.07426597133079403,0.05723764053368002
2013-03-01,0.025243563155964842,0.006765870583359628,0.0031256160229491264,0.03852435079074076,0.034463464583829186,0.023401071597776782
2013-04-01,-0.04858239339004342,0.008825782087354234,0.004560400981046833,0.0726895973943395,0.02861232033746016,0.009481626822731924
2013-05-01,0.011086683140655116,0.0326505149768066,0.011679860834879499,0.11960102284117652,0.02352670773528137,0.004966249152785529
2013-06-01,-0.06937106146990621,0.04073608168261424,0.05033413058761324,-0.0268479663737374,0.007309608705972873,0.022745229395391302
2013-07-01,-0.049449269051376914,-0.04493548386815171,-0.03772663191452591,-0.0026646582524272114,-0.030541858105439933,-0.04866157819021469
2013-08-01,0.028886568638579954,0.07014561194513134,0.03804337122642714,-0.0009133081839998898,0.03123347051596618,0.06365199592466568
2013-09-01,0.0012777095432998098,-0.012684706532344409,-0.012086373933876609,-0.02382428777450967,-0.007693345731848418,-0.02626591391551083
2013-10-01,-0.0016414821298614615,0.05811385823129406,0.051118062641934456,0.08892234780990103,0.03544782168277243,0.007514780291671446
2013-11-01,0.015594875667948205,0.03395966047511347,0.04978788269964087,-0.0023434539215686293,0.027761539772671574,0.022900981374083893
2013-12-01,-0.03839472406048898,0.0025594833313779125,0.035380132152695816,0.04935615866800005,0.006194660461410234,-0.011771088630931733
2014-01-01,-0.016546855262627985,0.002541248304100058,0.010332088917683259,0.034642089237113406,-0.00031760462283331355,0.014010180956235362
2014-02-01,-0.053429532981034006,-0.020818350425072112,-0.022550640539626514,-0.059134804541666475,0.0033018620437725472,-0.034525782082331216
2014-03-01,0.024057051569155323,0.06013713090511545,0.03713930009981725,-0.007205129999999721,0.03691919336540335,0.044678795314990034
2014-04-01,-0.02176008067086585,0.003054861434095017,-0.013889404752916683,0.0005175911000000902,0.007294358840639629,-0.03352550207242537
2014-05-01,-0.011646872880998228,0.01895090380156404,0.00011789566693723962,-0.03274009399999971,0.020409941712288118,0.00949473920251994
2014-06-01,-0.019451059224073107,0.02086090712775409,0.03209822599157249,0.03306571140000011,0.026534188850466524,0.013116158004132718
2014-07-01,-0.04105732883747976,-0.01876088219510308,-0.00893838591698608,0.05041377930000011,-0.01311374328460101,-0.02398092759545744
2014-08-01,0.01914336805825978,-0.03331277470630555,-0.04074481946282665,0.021000636059183866,-0.02269674595400111,-0.013763936247509451
2014-09-01,-0.016845873058781564,0.01911195554824103,0.004526549799716929,-0.008388854092783317,0.030371354203694217,0.01450492722658707
2014-10-01,-0.07565426230723277,0.0003277211030994938,-0.002805002632900209,0.0412763571000001,0.008583062860991477,-0.02954159999226493
2014-11-01,0.014322305098007224,-0.02840680791659652,-0.017683538499857522,0.003965724582795788,-0.0007323263010955861,-0.010758799814482769
2014-12-01,-0.05626633963385,0.043955566592784365,0.06225975886527687,0.05320189704651185,0.0369630898654061,0.023923485639718457
2015-01-01,-0.007912565270291733,-0.00751137430734336,-0.009726607004236859,0.0008101711666667934,-0.008224168861064994,-0.019410985850677485
2015-02-01,0.00636514041755985,0.07437480979193582,0.08315736650308513,0.007824824150588173,-0.05924514284617547,0.021689536661577205
2015-03-01,0.04420802522170052,0.0679968022561499,0.0620152134583611,0.07190345154404751,0.08880711426874469,0.026310952183600023
2015-04-01,-0.02054941757301906,0.015265925434140444,0.04394525611986004,0.02225215139759061,0.028753815097618936,-0.023387113070196437
2015-05-01,-0.03670438645930241,0.012239533204296736,-0.032885990507854165,0.028228996755952307,0.016420965578909978,0.02496563076857275
2015-06-01,-0.014689941872132788,0.010162703001967227,0.003365922558571528,0.047048409415662754,0.026611238783007366,0.0022599002936336023
2015-07-01,-0.06902537973130263,-0.038617094138404244,-0.03321177083972265,-0.021151033999999947,-0.03603453336527458,-0.05536094368002036
2015-08-01,0.02201574966761165,0.060812885410095024,0.036336171887207225,0.021153213100000044,0.07587735344973268,0.018252336827365045
2015-09-01,-0.08901148234366009,-0.07559042231267973,-0.07381197397835863,-0.07448019202469139,-0.04570167509898311,-0.05771293763653888
2015-10-01,-0.04687585346366348,-0.03427636522643494,-0.04343664938352814,-0.07048112099999994,-0.021421438108917806,-0.021831095230342816
2015-11-01,0.024699276381749923,0.08496666783375315,0.10529010241373166,0.09946317248674684,0.058683601632170714,0.03721694776265394
2015-12-01,-0.02511528818877714,0.013797915475355332,0.04190365934703423,0.019205811899999724,0.015590546645359808,0.003412582892523353
2016-01-01,0.010440187970843454,-0.034309675649153874,-0.03480061792117157,-0.014846352134146257,-0.0040534778740837045,-0.012322354528535959
2016-02-01,-0.0714163156491228,-0.03327849682874255,-0.07117136326338105,-0.06420157577647065,-0.03247418279362862,-0.0304913363570039
2016-03-01,-0.039407974418839226,-0.008462179030910288,-0.017189635998995388,-0.08449410627586185,-0.021456971601726046,-0.000171510663603464
2016-04-01,0.030231888449680097,0.019712621210020917,0.05256950118336372,0.0538001795067415,0.01472816420092217,0.012466679174271973
2016-05-01,0.013100940673199599,0.02264078782085902,0.011331688402702917,-0.0014716639560437925,0.03837667282639685,0.006500174228144744
2016-06-01,0.015436341050956301,0.03694069500910328,0.031309618293120484,0.03555222669565182,0.04336177552713137,0.008701131727437255
2016-07-01,-0.03677141231063344,-0.042643332188835426,-0.04405064097222203,-0.08594244648421041,-0.004808563731265255,0.009124089959174714
2016-08-01,0.049968511400438426,0.055694989447827296,0.072931696675887,0.06557628815937508,0.03791864183287133,0.040837528018593014
2016-09-01,-0.023738440797876285,0.013771481734123583,0.027958825774740882,0.006347644909091201,0.029000238556758595,0.024228936501946526
2016-10-01,-0.005807478137202021,0.013665652159289448,0.010270974967098449,0.012587402351020564,0.012638765146472067,0.012932700937671418
2016-11-01,-0.030631401218647346,0.024747055843326773,0.014454096677537873,0.053867135891666904,-0.014216004191980894,0.0028906644827248803
2016-12-01,0.01331741749832706,0.017671551748959555,0.0029264070174455543,0.05269378421086955,0.027037663574972545,-0.020979602799710673
2017-01-01,0.03179392347992085,0.07405081639653166,0.08165395045684466,0.04475708889767445,0.05441628231675819,0.05444680338405028
2017-02-01,-0.017043249378164926,0.00020194792281053205,0.022996144525067232,0.009475524340229965,0.02906291629548651,0.0035648305939192607
2017-03-01,0.013783032934577145,0.028471083633474052,0.03699048695717375,0.017626457700000035,0.046512530599365616,0.03789343593291675
2017-04-01,0.023778260375387068,0.0691250195990604,0.04792734544506189,0.005065107426966236,0.04618856140436661,0.019615137541305804
2017-05-01,-0.0008294740536501826,0.05460483905518207,0.02884563042068517,0.021158278931868137,0.05652818967650863,0.008313552186834664
2017-06-01,-0.03523450115073282,0.04748470002885141,0.03582688382720441,0.03449807123595527,0.04444936388100634,0.052455491135896176
2017-07-01,-0.004685309703544291,-0.005701187380041043,-0.008475681262352142,0.037213407108889075,0.023585149684762934,-0.02036370968243543
2017-08-01,-0.00103864035493784,0.008112320576657086,0.011885281101288586,0.01560356063033726,0.036308642109834435,0.019191366418466888
2017-09-01,0.0017152539582058375,0.021539842632873393,0.015250091357947592,0.012542409087912201,0.006517485341249164,0.023451336839715786
2017-10-01,-0.004104226277953416,0.05940098323867888,0.07328008302462699,0.05217272652777767,0.05005968744359962,0.005915800386206926
2017-11-01,0.03515414280816639,0.04355813947537818,0.04432607373458728,0.06351082099999994,0.04030895381081653,0.024337039990395395
2017-12-01,0.015622330464671864,0.0008487343598739833,0.005112353251809484,0.029979325100000193,0.021456376201335076,-0.011247307843534728
2018-01-01,0.016765355707740452,0.01537993757186815,0.01829859434645415,0.02920152447191009,0.030432028892621844,0.05536119686302583
2018-02-01,-0.004642282286073433,0.04929988179561295,0.04083514361081335,0.0286069940066666,0.03450311579002079,-0.008927107887224913
2018-03-01,-0.0007561431152917474,-0.0087051502995137,-0.0238848099993517,-0.018993036279569678,-0.017645790728225252,-0.01728856444953791
2018-04-01,-0.0338416509050135,0.011207073075702432,0.0015594985727026313,0.002585246563829833,0.016374573740212395,-0.004582992431739912
2018-05-01,0.03524574150279808,0.08706980214701715,0.06029585068198056,0.053945592858064356,0.06303177051830856,0.07170381263456212
2018-06-01,0.016175759374910254,0.028833618592127228,0.02755717382980783,0.00476139000000016,-0.0035537667780878857,0.03865016522124737
2018-07-01,0.030090061625113393,0.0019554390808898467,-0.007377448159027952,0.014173499010989157,0.05244442698227885,0.013630556185196435
2018-08-01,0.015204711150547027,0.04910823246148209,0.062055498068568186,0.03151708309999999,0.07563986516133006,0.027591478063592453
2018-09-01,0.021378482547603953,0.019354789439334857,0.005008061308911458,0.011770777488889092,0.01370315480089115,-0.015415949131386622
2018-10-01,-0.008685573675270376,0.035168301216902315,0.006796086016285313,0.07550172300000013,0.03326414740914313,0.019992965729220574
2018-11-01,-0.060738841908310956,-0.04322390321439372,-0.03422875908626001,-0.06756881932584263,0.008959368023856773,-0.03759832350138319
2018-12-01,-0.015391391343314395,0.009501941890019537,0.006643956633067737,0.051881761288636356,0.025483479169887004,0.0005410933110080313
2019-01-01,0.001290932364485903,0.013016326413236337,-0.0038367880742856617,-0.07788796795505615,-0.01254589874469364,-0.02514777035833866
2019-02-01,0.04245297794344856,0.08179525679492898,0.08904335130651589,0.07229898395543496,0.10301071545821235,0.06283290887844359
2019-03-01,0.0594649281430772,0.06448986646252527,0.04956978478681838,0.0516315225824175,0.07332270324832588,0.043242593336132416
2019-04-01,0.0072590205755435275,0.03735242592158593,0.029599617264769524,0.02522660949999999,0.04617816641813671,0.04470456172203233
2019-05-01,0.03176898001870322,0.07608057731917377,0.09398040239304777,0.041986147666666515,0.07527943735621655,0.04063302689224039
2019-06-01,0.027947916485557833,-0.019396329319096024,-0.024791377436553824,-0.03859407938461537,0.011093153888012573,-0.013381950589264856
2019-07-01,0.04446758041505889,0.08121580694892414,0.07133043022937574,0.047427758189247014,0.06249451069999975,0.04652128745121864
2019-08-01,0.04187808750358242,0.024061324160203634,0.013137432890914534,0.03307261953043465,0.03903690833757521,0.03314322830206246
2019-09-01,-0.010066711371217951,0.019814532686404835,0.012244395486926036,-0.010623448989361572,0.025729987946271213,-0.022040461346874974
2019-10-01,0.03202223419269226,0.05302197041691298,0.055948032406505074,0.07680182146666653,0.036223068645071674,0.04429865865044851
2019-11-01,0.004838058915710557,0.04473118484372168,0.06345900134211188,0.0671253215,0.03206903912790804,0.0005960063515839586
2019-12-01,0.034491342487534764,0.05270975374864847,0.054513581191739366,0.0383699954000003,0.04915860195738014,0.03287735122667643
2020-01-01,-0.011064818766371286,0.03555643458657549,0.028650069301745486,0.030372848100000016,0.03698776860565981,0.04454768003628027
2020-02-01,0.05312285270868475,0.00264772811690063,0.007814089566351032,-0.004097392032608831,0.023836198227136025,-0.01950104377982545
2020-03-01,-0.06687451332803115,-0.05416234931756926,-0.060312782567500556,-0.0867648829450549,-0.0523019607809449,-0.07735681412591688
2020-04-01,-0.21110560502026368,-0.1401227022926027,-0.12717465730337582,-0.046117586999999884,-0.046699567463161756,-0.14218576236235747
2020-05-01,0.10631313693903657,0.06186466452190228,0.11167646868765498,0.051809426500000054,0.05939378954209676,0.050478238865410516
2020-06-01,0.05304365713346648,0.04755845751111225,0.07444173460054074,0.07090917089999992,0.04096400274409761,0.02994271054052159
2020-07-01,0.025109225216408196,0.048631503823217015,0.04475677712564161,0.002105177913978438,0.028711527762271517,0.013780441297021637
2020-08-01,0.011070022502940535,-0.017713170307875243,0.0031733561851609547,-0.03528811799999994,0.013147924766262822,-0.03522241332343895
2020-09-01,0.03907058612011675,0.040242371342822325,0.05529849507395232,0.08156002187234065,0.032711706934420916,0.02287509449340321
2020-10-01,-0.03237985283042608,-0.012839582658695493,-0.0030254281422762916,0.01830425939999993,0.012240464435831443,-0.012997993831775415
2020-11-01,0.022280559072742796,-0.02684151752331429,-0.07390806494955499,-0.02555474627368394,-0.045084620473009186,-0.035108114885978245
2020-12-01,0.10506589866833568,0.18939603443731245,0.14423727023031097,0.1070658296,0.10139903311637054,0.12641381165917592
2021-01-01,0.01962442811476347,0.02330772653818977,0.04780968909576687,0.03269228769999999,0.03195129688873806,0.03940924883854418
2021-02-01,0.007842056208232128,-0.01996433006175049,0.006936142508145914,0.004898871177083613,-0.0003485879858154267,-0.005350375494465339
2021-03-01,0.014566401157745608,0.057204718032065546,0.02729630770792155,0.030060295440000193,0.00784151830205615,0.017366332447660268
2021-04-01,0.021711530561050574,0.06766659892802235,0.07950392900023716,0.05513429199999993,0.07741865137450471,0.04872873477375013
2021-05-01,0.0380573206523311,0.05720747501546185,0.021253644318696353,-0.02543328699999976,0.025183392064196307,0.04387707003417853
2021-06-01,0.022817373449516787,0.04123908403445671,0.031424366920806204,0.012927296111956215,0.041030295728713896,0.013286276715244292
2021-07-01,0.024525620859230643,0.02032714357376039,0.02179762534597149,0.016591050799999844,0.04531066100919309,-0.0005074698689481322
2021-08-01,0.009896197945692282,0.021387712362900154,0.013062523629180655,-0.021406299000000066,0.028837720385849835,0.008264156271480201
2021-09-01,0.02804913533997805,0.010361515773012867,0.029494178801609965,0.033136224799999836,0.03101645084574777,0.022235589091628327
2021-10-01,-0.012505808440371987,-0.02065935874821334,-0.028048251123903946,0.04254210342857129,-0.04700111596438141,-0.015521164072604007
2021-11-01,0.0043302684453455816,0.06459850186128407,0.025208170467697875,-0.011457529999999857,0.044030148710829733,0.011151796038792936
2021-12-01,-0.003915508937320195,0.004350523568452584,-0.022399533427693116,-0.03432856399999989,-0.0016010254627702256,-0.01747506969924983
2022-01-01,0.02889822604416474,0.052727907988232584,0.04604299404189169,0.03219925613749991,0.06895667086214913,0.042305630974855235
2022-02-01,-0.06224936092186624,-0.02995992457089839,-0.027189370629217592,-0.04801202599999993,-0.04986929137063195,-0.008822787639985185
2022-03-01,0.019636884914074428,-0.03803392623266284,-0.04771154624429384,-0.0008434089655170729,-0.0074946589092923024,-0.012811321132053029
2022-04-01,0.07628646799929469,0.016965314124867875,0.0006439449590905783,0.04815363640952386,0.03295734347213345,0.012183786999590192
2022-05-01,0.002310823793590523,-0.003977658389696742,-0.005400332833462244,-0.012533497468354277,0.019601885877905803,-0.0015434963699373153
2022-06-01,-0.031977130709416296,0.012472596727272843,0.035177062327272746,0.017265200480769342,-0.01631527387284292,0.0034685986956101604
2022-07-01,-0.0886233399322421,-0.04550664695042027,-0.09385314100701156,0.0023512995999998496,-0.05421834167059843,-0.04923577374448054
2022-08-01,0.07021916974941628,0.12875824685707765,0.07854854860139314,0.06456335503287658,0.0760530499235545,0.047239615977734115
2022-09-01,0.019319722786051166,-0.022698468967887964,-0.030735610632218066,0.03922416802702713,-0.0028826328660602127,-0.0146045988750729
2022-10-01,-0.0535775981112276,-0.03957129668066571,-0.06076769257540271,-0.01913864017142851,-0.03911718128927376,-0.05876615454275622
2022-11-01,0.06317901435315511,0.09519201010816353,0.10385773736832803,0.08981472119117657,0.07815728667173433,0.03484487716621065
2022-12-01,0.0797035544261373,0.11231190705709895,0.11559849221094537,0.07123276512571408,0.08480592541041335,0.07999540696034788
2023-01-01,-0.021909108040901137,-0.014366784802815613,-0.011813607574603115,-0.0024446999054054475,0.006570257384120155,-0.007831846775862232
2023-02-01,0.07511078426467316,0.12100979063573938,0.11771111249054139,0.0856687761363635,0.09499109499861097,0.04895203650934046
2023-03-01,-0.009988836911649271,0.036737335814539473,0.035686943914679574,0.05699080240000004,0.022480404791223093,0.025217729263058555
2023-04-01,0.008707941210305591,0.03336406417351927,0.033612311973276465,0.06567273859999989,0.06152755395485184,-0.025634566335640187
2023-05-01,0.030885790087305548,0.051355667686444104,0.034069352941178604,0.07704233333333343,0.06703185191572328,0.036062275243901674
2023-06-01,-0.017089695011591077,-0.021932645634929727,-0.003766443555238825,0.08260707457808217,0.01420813063644541,-0.043872836519945446
2023-07-01,0.02850791389718439,0.05603475433288119,0.044502124396866384,0.12760674039999978,0.04225519186150607,0.005186434968867934
2023-08-01,0.039763566120024046,0.024928804619353453,0.03891153410566405,0.06780227024225356,0.0395754116456733,0.024736549427410236
2023-09-01,0.006534780218933084,-0.013030862263611255,-0.015828298657378358,0.05897252025507246,0.013496318048863871,-0.020661698980088038
2023-10-01,-0.011282241530116602,-0.022989046036111245,-0.018693626105920146,0.05939447715147049,0.022866547537963376,0.022386648831273805
2023-11-01,-0.02768765237876151,-0.023407903026106673,-0.03240997665317717,0.02532063200000009,-0.016102080181694962,-0.043307436035893196
2023-12-01,0.058949661823540084,0.07268155809541646,0.09420627287216106,0.10971807511940304,0.0814545101280126,0.02864944962424218
2024-01-01,0.08142407428220497,0.0502374519024564,0.041066576321743195,0.04968625768115953,0.057987079204704764,0.04501138844087886
2024-02-01,0.021738431735714058,0.03181531615674417,0.01738587985367077,0.1245975575882349,0.04791255686224261,-0.010936587782851736
2024-03-01,0.020361786511591245,0.048604184197821955,0.04449312491875226,0.10059282209999981,0.05135568121092875,0.005169413856088401
2024-04-01,0.03849889393952431,0.03787405415649161,0.05253108470813861,0.0933888689477613,0.07024715739470412,0.04784576113121196
2024-05-01,-0.020352938879668155,-0.004726249803329752,-0.007594150665881051,0.0380309449846153,0.019000519984713474,0.027852464689685788
2024-06-01,0.01873570913114965,0.0305355063301702,0.0450709497779961,0.057264931774999944,0.09269398688571409,0.028056099185881304
2024-07-01,0.017781990601535645,-0.04701614790560252,0.004345207369227981,0.06640480669999997,0.03208346815740089,-0.016229209541522554
2024-08-01,0.04657798932573054,0.01836158413362101,0.01946291005138651,0.04682843555555549,0.05177800588378416,0.03553149952762235
2024-09-01,0.011823996956443036,0.03335979085460457,0.03316691397155576,0.02345276382352904,0.04517048894117878,0.0096642726267748
2024-10-01,0.03813766379025128,0.02348441000656778,0.04074438370627058,0.032515558857142864,0.02723582902115498,-0.016081637107194183
2024-11-01,-0.008346104109850788,-0.03473414220791346,-0.004722694947610552,0.06018446661940309,0.0068462835594204074,-0.01689324965253395
2024-12-01,0.03671575878651957,-0.005092788358409636,0.035197090774327464,0.03437594900000004,0.03736298756924721,0.024759245779431636
