date,us_ret_with_div_usd,us_ret_without_div_usd,rf_usd,australia_ret_with_div_usd,australia_ret_without_div_usd,france_ret_with_div_usd,france_ret_without_div_usd,germany_ret_with_div_usd,germany_ret_without_div_usd,japan_ret_with_div_usd,japan_ret_without_div_usd,switzerland_ret_with_div_usd,switzerland_ret_without_div_usd,united kingdom_ret_with_div_usd,united kingdom_ret_without_div_usd
2002-01-01,-0.015966,-0.016921,0.0014,,,,,,,,,,,,
2002-02-01,-0.0217,-0.023066,0.0013,0.006343384432527355,0.0037967662382996092,0.009899216104743314,0.009844923700011332,0.005422609332261352,0.0054136931406914,0.04225566529999991,0.041997671799999914,0.027454497461310012,0.02743923830111994,0.003314480245026896,-0.0004415017537078292
2002-03-01,0.044698,0.04373,0.0013,-0.019280917781278384,-0.026220660572298105,0.044999931280515604,0.04486255138825013,0.042265569743896725,0.04141274948794216,0.03926226016447365,0.03450075036184197,0.03471275954123554,0.03156583183324946,0.03871103687089272,0.033443051913295996
2002-04-01,-0.0496,-0.050504,0.0015,-0.031982659026906,-0.03308501958744403,-0.054130508004966105,-0.05587867695417603,-0.05516223949142207,-0.05720262690925493,0.020585978700000007,0.02057376870000005,-0.015970334784615403,-0.019777074415880835,-0.026969269879409508,-0.02899015670732552
2002-05-01,-0.01051,-0.011958,0.0014,-0.02675348538959621,-0.028260172680974804,-0.06087491245801546,-0.06809287426172317,-0.0586397412235552,-0.06575644781679402,-0.0033540105569620504,-0.0034185336911390918,-0.03671582614299318,-0.040174957626310626,-0.0229264596949581,-0.025352781345869158
2002-06-01,-0.070259,-0.071515,0.0013,-0.058272843513199724,-0.06328175857937346,-0.11839685890492613,-0.12402349551929703,-0.10676859396297445,-0.11039494484154366,-0.10638754219753077,-0.10657876803703692,-0.10996886480782264,-0.1103398279728981,-0.0973039993981264,-0.09885553942077241
2002-07-01,-0.081125,-0.08231,0.0015,-0.012796764811484063,-0.017036482785481977,-0.13779601728545554,-0.1389402481249119,-0.14243893319627576,-0.14634420472471066,-0.10206270354117664,-0.1022917067411766,-0.1706829806187814,-0.17351599433176335,-0.13211407556999666,-0.13388899733080617
2002-08-01,0.007949,0.006405,0.0014,0.03967470179205601,0.035841300033622625,0.011051252665882805,0.011042723456701653,0.012803084379920282,0.012303932143441276,-0.012796798690476008,-0.012979263333333102,0.02238819142997439,0.018237890735079976,0.01572965684523031,0.009865179999674734
2002-09-01,-0.099923,-0.101387,0.0014,-0.048683468979322964,-0.05599087634949673,-0.15077662545492554,-0.1508213810606771,-0.20693309487405664,-0.20717832806394032,-0.00940749913253014,-0.012986399084337408,-0.09191073548424666,-0.09225754981469314,-0.12551426052560566,-0.1274519161868536
2002-10-01,0.07494,0.073522,0.0014,0.00531947424518342,0.0026059528532349496,0.109785653937301,0.1095311881373624,0.10304967558228673,0.10304967558228673,-0.0380052670246912,-0.03801792196296283,0.030384924500000077,0.030368585199999965,0.07368106084896953,0.07207491298464208
2002-11-01,0.061282,0.059612,0.0012,-0.025187492394441513,-0.030311548222340945,0.02519008746793161,0.02516979114063722,0.007032859761110455,0.006972754034155537,0.021302208360975294,0.021223987056097515,0.018918039284754995,0.018918039284754995,0.023109061197886804,0.02053048923922729
2002-12-01,-0.053334,-0.054977,0.0011,-0.011876850830369823,-0.02061514607574677,-0.08114475042368052,-0.08158206530105949,-0.11211683354610547,-0.11216691917323918,-0.053215036999999965,-0.053596525000000006,-0.10268295079625878,-0.10272837157410053,-0.06007893944512388,-0.0613374575964194
2003-01-01,-0.023367,-0.024576,0.001,-0.04865677323588946,-0.04877501134740092,-0.07951886865467905,-0.0795917919356055,-0.0723175869361703,-0.07372797702880829,-0.04899148171428558,-0.04905986776190463,-0.09130930281486593,-0.09130930281486593,-0.1060775332696754,-0.10681987361483769
2003-02-01,-0.015417,-0.017243,0.0009,-0.07330262537424459,-0.07644372530255217,-0.06669157020806682,-0.06671993198219739,-0.0673510531070931,-0.06782168600556326,-0.0029480539999999777,-0.003279315000000005,-0.063986569196817,-0.06411761291893348,0.03356712967581932,0.028399756677809362
2003-03-01,0.010321,0.008901,0.001,0.02979428205639234,0.00949000248618459,-0.0448377614420673,-0.045069513581550535,-0.03812834172131152,-0.03835892915671035,-0.030836902,-0.03700456699999999,-0.007579187438529589,-0.012478652326208262,0.011497963659526045,0.004135846274249566
2003-04-01,0.082768,0.08118,0.001,0.03129644305409851,0.030255907612458888,0.10669373049220221,0.10262901555166648,0.16104763610999817,0.15330179505103114,0.02742665176385528,0.027405463421686704,0.13465915323866295,0.1235273604828393,0.09691542667021413,0.09319640235879012
2003-05-01,0.063471,0.061778,0.0009,-0.052105129625850455,-0.0544510110961659,-0.029597024296486585,-0.040221875893509784,-0.038648747077846934,-0.04743437858757349,0.024854250749411833,0.024751596544705823,-0.04032458982214504,-0.04397862579080902,0.011820603948816455,0.008871558784276257
2003-06-01,0.016346,0.014797,0.001,-0.009771605416476148,-0.015991358384184973,0.023641673105567973,0.017324818033236156,0.056499546175432735,0.050152842986568524,0.07753604810000003,0.07722532789999992,0.042488705757666834,0.04218103642236737,-0.01993398652932732,-0.02177748480616526
2003-07-01,0.023112,0.021764,0.0007,0.04256222057345238,0.042160532903466,0.06469660456105597,0.06420380963440397,0.09012383651076106,0.08945215039964793,0.053167403142857284,0.05312712326190505,0.0811813925643119,0.08074067590861556,0.06086442669830494,0.058306465300875576
2003-08-01,0.024965,0.023486,0.0007,0.042387040056627745,0.03889740268166597,0.05353321243079323,0.053523115970596224,0.029257521387628938,0.02873677729139401,0.06443422859999992,0.06416531930000002,0.0360879827033147,0.035112538630272194,0.031129278060737953,0.024458535356258304
2003-09-01,-0.00912,-0.010607,0.0008,-0.01013932024642028,-0.01853460886842484,-0.04934302388568401,-0.04945861827860143,-0.054553081136061166,-0.05481948930726921,-0.009975153434482742,-0.013507813793103396,-0.019923513494914946,-0.02030543345175928,-0.026386846995543167,-0.028403667715320213
2003-10-01,0.060361,0.058882,0.0007,-0.011600305272524425,-0.012988903531519824,0.026172404925593362,0.026048698767321188,0.0550188399756959,0.05261059019044745,-0.01888422353186825,-0.018900188031868326,0.002455038748115923,0.0024403448454317633,0.007038890636195783,0.00583102586830031
2003-11-01,0.016594,0.015052,0.0007,-0.04447029742497899,-0.050054021031014306,0.01372139091048652,0.01370235751111859,0.016573576151152736,0.016526285002561814,-0.04955136845652164,-0.04961685482608691,0.025135995405513256,0.02510849072141408,0.007940213713061528,0.005110107702574362
2003-12-01,0.045476,0.04382,0.0008,0.003288746831362488,-0.002500860410228678,-0.016426155310782287,-0.016624772640917218,-0.014990599006830307,-0.01504237067075953,0.03135754668387092,0.030898463913978436,-0.025599072555044233,-0.025647084398558784,-0.007474660526969545,-0.008820545935133484
2004-01-01,0.023042,0.022019,0.0007,-0.04881040684113014,-0.048848604050149236,0.0012046531951572792,0.0011301502607850011,0.009098072921015943,0.007498560087371375,-0.005188667745744668,-0.005222803395744879,0.02811189500508049,0.02811189500508049,-0.05060335431344842,-0.05117971275223232
2004-02-01,0.015443,0.013958,0.0006,0.022436821278430052,0.01879549752200771,0.026520947295379793,0.026497333232373466,-0.0026763553471519375,-0.0026961952074368023,0.031950683999999896,0.03165512299999995,0.020205583200423316,0.016533900165940807,0.00500031323724115,0.0020754328688481483
2004-03-01,-0.010662,-0.011985,0.0009,0.06015726732884197,0.05148008106176616,0.011295674727999305,0.011127173352907693,-0.0007645182350543012,-0.0009225496778404452,0.12153932339565232,0.11367506576521746,0.0014013593089701182,0.001190662936493725,0.009617371728601887,0.0016813180968731078
2004-04-01,-0.024222,-0.025568,0.0008,-0.001608376357919994,-0.0030206487416362116,0.03209159027192432,0.03093429555951288,0.05144811319599629,0.04427732037234122,0.016871502881720568,0.01685588098494617,0.04561280722697436,0.03523770354838551,0.03748803022365932,0.03538230540768139
2004-05-01,0.014068,0.012384,0.0006,0.06958059587886045,0.06760002679629218,0.009211312734091592,-0.0035665463815831577,-0.013971692579666573,-0.020069995339833224,0.0035199138314607747,0.0034480467752808774,-0.03176544176055984,-0.03373904790640647,-0.003592236557447004,-0.006526560710638507
2004-06-01,0.021611,0.020049,0.0008,0.04689386822880204,0.04125203169808267,0.01361320194302662,0.007084715758274296,0.016228858126132284,0.013389232702124332,0.023802187763736216,0.023499939949450432,-0.019263412777494326,-0.019875243207289395,-0.009645800113573078,-0.012045553116910246
2004-07-01,-0.037698,-0.038792,0.001,-0.023130008817693004,-0.023437249429227647,-0.028264257722321884,-0.028539839035219394,-0.03997556935463886,-0.0406798541645198,-0.04491408600000002,-0.04495045399999997,-0.023944189029510787,-0.02569841105416526,-0.02324890176016914,-0.024991091313048996
2004-08-01,0.002703,0.001058,0.0011,0.027754759735564738,0.021172383036816456,-0.002607023807398967,-0.0026176467610533605,-0.019682431753096696,-0.020068228694118728,-0.009022329999999967,-0.009221692999999975,-0.003264762765589402,-0.0035768698093914253,0.028827131689853402,0.022023098853573675
2004-09-01,0.020556,0.019099,0.0011,0.04849473207105848,0.044002702848235486,0.011348411976857209,0.011270697044568179,0.021161901096572233,0.020380655860970265,-0.023305876000000003,-0.02706358600000003,0.007998268208815329,0.007569230777949132,0.04095645700151618,0.03916508198155211
2004-10-01,0.017806,0.016579,0.0011,-0.00637614182734092,-0.007458392810085868,-0.006000382585112263,-0.006232923293771453,-0.010075133403566028,-0.010075133403566028,-0.026622383326086907,-0.026650263945652175,-0.035955103572133384,-0.035973521953144516,0.0060630146783149375,0.004612637213105009
2004-11-01,0.048214,0.04432,0.0015,-0.0035994679377207017,-0.0089813805762331,-0.022732907274555902,-0.024309857426437098,0.0015298234965837043,0.0015250554975376751,-0.029325688916666648,-0.02940078525833323,-0.03177047957524293,-0.03177047957524293,-0.007189272519568024,-0.010720836801026534
2004-12-01,0.03517,0.033414,0.0016,0.030255434873849962,0.03006839530485972,-0.008368352380896615,-0.009825507943219236,-0.00405547069424117,-0.004188498760562265,0.04783883200000005,0.0473740760000001,0.017120269594083748,0.017120269594083748,-0.007374176127916465,-0.009376432406735358
2005-01-01,-0.026546,-0.027399,0.0016,0.02060020828084208,0.020433031807185476,0.052946179102537405,0.05014755856067965,0.031051108030130115,0.027887407160527067,-0.011534249237113436,-0.011571530886597903,0.05331624996301887,0.05331624996301887,0.03842728320283051,0.03773219624802926
2005-02-01,0.022646,0.02081,0.0016,0.004113128232258179,-0.001667586641935337,0.042964741302536025,0.042913648228656065,0.034021731238208064,0.03397732662857167,0.047192620931578944,0.046884062195789555,0.04596857653962605,0.04588225961911574,0.020517903524434278,0.016636191342838114
2005-03-01,-0.016944,-0.018578,0.0021,-0.01347561631651395,-0.021258193903669897,-0.004949192866606,-0.005533480514425593,-0.016073213153583676,-0.01623434340614338,0.01084696889999992,0.0044108652999999,-0.016769098113214365,-0.02089885907723965,-0.017146849131964514,-0.023682910110486954
2005-04-01,-0.025206,-0.02659,0.0021,-0.019024741788575716,-0.01998617554200044,-0.009465983087769358,-0.011504002279996817,-0.012096724211156484,-0.02265113589237422,-0.021178387204301097,-0.02120045376344093,0.0030369757434547395,-0.007059417463956996,-0.01539192609862361,-0.01745517353330517
2005-05-01,0.037954,0.036151,0.0024,0.03714703167589728,0.03518256936841979,0.0822116992195796,0.0691233864450107,0.0770481533353391,0.06881481949418755,0.0009090705755319117,0.0008375461553191688,0.057222085214155394,0.052533980525073076,0.05962080884476517,0.0559624640646208
2005-06-01,0.011529,0.009905,0.0023,0.04476203204438489,0.039329724248089004,0.0781498972774497,0.07302025798804634,0.07565398870692719,0.07357712521813253,0.0525980522391305,0.05223360228478269,0.06292625615744707,0.062306649888753896,0.05356849814447395,0.05047426461863913
2005-07-01,0.043357,0.042251,0.0024,0.02378076414839181,0.02312500076754387,0.06088124085541069,0.06004957972506442,0.07256533580454305,0.07191050120484199,0.05061340972584283,0.05057427333932596,0.07732345945693209,0.07592086369273798,0.07348347911875819,0.07241829414803225
2005-08-01,-0.005958,-0.007776,0.003,0.006167856425059126,0.0006873637574467129,-0.035845761701504775,-0.03585403125856046,-0.028850466607726832,-0.02900893184790565,0.04131429310333323,0.04115705601222208,-0.03329950204597121,-0.03375610730298051,-0.016052591724542986,-0.022257560445335556
2005-09-01,0.0106,0.009331,0.0029,0.04493575507483971,0.03680529320548942,0.04739135076487666,0.047351620649215276,0.04049634199999996,0.04037925036549783,0.12247104350000004,0.11788143039999999,0.06440426764505824,0.06331337332174325,0.02433119438002662,0.02271363804295845
2005-10-01,-0.020866,-0.021974,0.0027,-0.02050611900915722,-0.021508507641008534,-0.021290165149392748,-0.021522674242721695,-0.007022926655797734,-0.0070700828133423155,0.05946995620689677,0.05943253089655176,0.02131064308521391,0.02131064308521391,-0.0010100814131775993,-0.0017624233215113305
2005-11-01,0.040326,0.038073,0.0031,0.06364519754895959,0.056369392326193424,0.05164580253638129,0.049307515888149744,0.06152070209373117,0.06146236607551092,0.10085599712499982,0.10079663712857134,0.06817989684168846,0.06817989684168846,0.04784507195163368,0.043724211845333816
2005-12-01,0.003458,0.001884,0.0032,0.01802325217135925,0.01542243237771812,0.02638712166012147,0.026027103033648302,0.030998824401020197,0.030814869783289955,0.07863226739999996,0.0781934284000001,0.024561943482626525,0.024561943482626525,0.0349772508581625,0.033271473387633366
2006-01-01,0.040072,0.038966,0.0035,0.024755378409353712,0.02470370068013339,0.023149517411562126,0.02303172445702617,0.03279142995134432,0.03116792882404762,-0.0029336174620688826,-0.002966310455172483,0.012200701094571498,0.012184284008979196,0.007412924805360266,0.006900464493587943
2006-02-01,-0.001639,-0.003552,0.0034,0.02119924674946061,0.012968897402668933,0.02935040870924599,0.02932057519472342,0.04864699856482413,0.04858896844422089,-0.010371680694117646,-0.010563795117647157,0.04396813283636125,0.04390226450228396,0.03351145454780324,0.029711643349496608
2006-03-01,0.019065,0.017598,0.0037,0.06489306900016523,0.05966250550156893,0.0345600122869969,0.0344009110921184,0.023908086840205955,0.023745106932158144,0.047349181399999996,0.0413685305,0.026896549791569857,0.022906970088477197,0.03749452137254883,0.029431417084967215
2006-04-01,0.013,0.01153,0.0036,0.013237718097136586,0.012756565332256775,-0.018200846019815753,-0.01876708158898388,-0.012130645574480403,-0.015947258751405347,-0.009519284999999988,-0.009558807999999974,0.0008887418851037943,-0.007765522911893696,-0.0055212082473078405,-0.00977660885211551
2006-05-01,-0.031032,-0.03301,0.0043,-0.07752378257703885,-0.07998488966671025,-0.07605236296530116,-0.0919025699590349,-0.08632799590185636,-0.10028676988509433,-0.13011645622222212,-0.13017103566666666,-0.1026579330191395,-0.10632763763184216,-0.09803194381976776,-0.10116107486059822
2006-06-01,-0.000391,-0.001887,0.004,0.051075065279889253,0.04517723476361657,0.020165280959647536,0.0138396540600505,0.0022811609763842,0.00015117241560691497,0.03693591003448282,0.036558290517241465,0.00747154821217344,0.006298207910547138,0.03397177102921067,0.030428272348738794
2006-07-01,-0.001912,-0.002955,0.004,-0.02919283557146657,-0.030583536003586653,0.00816940221489637,0.007497103614107603,0.0017221538369449618,0.0011692524298951845,-0.0038376379069768873,-0.003886824267442024,0.034201982641633766,0.03234405888153469,0.012907779230222571,0.006027128537764881
2006-08-01,0.025041,0.022968,0.0042,0.01927896391717998,0.011537402123653395,0.02183991311688538,0.021833324738477877,0.017085078915503482,0.0167370669367215,0.04124096510000008,0.04103178630000004,0.024541024593249583,0.02404339950923884,-0.019032214583707296,-0.025512061708890754
2006-09-01,0.019425,0.01811,0.0041,0.024376804607153302,0.0184661240452908,0.023835563877692367,0.023663066383194487,0.038677359467929495,0.038539930078446805,0.002098786470588143,-0.0024314820705881868,0.054431170739942525,0.05348864960605293,0.023224947712336075,0.021213205291034543
2006-10-01,0.037153,0.036107,0.0041,0.04620293700747635,0.04412279154521492,0.02997382844711094,0.02978169902241401,0.04448064246553063,0.04447837142165323,0.01791850006547624,0.017876253750000126,0.03524110757944543,0.03524110757944543,0.03268983684429516,0.030642154102136887
2006-11-01,0.023736,0.021374,0.0042,0.00014252888333343705,-0.00435187989047614,-0.015362702634116876,-0.01891456709032424,-0.015615551699914576,-0.015635567383899596,-0.020362781835294164,-0.020431471105882393,-0.0231523143735326,-0.0231523143735326,-0.02082291489647059,-0.02489085880705877
2006-12-01,0.010857,0.009154,0.004,0.020803274565334595,0.018521384890608283,0.0196024488013935,0.019131333500159053,0.022525193540567923,0.022497962333600796,0.047794972099999944,0.04723732300000005,0.02497313868111295,0.02497313868111295,0.007430116890188021,0.006640692446125751
2007-01-01,0.019387,0.018452,0.0044,0.023346906434398296,0.02326109679325339,0.027360853807242513,0.027266419509466733,0.051018634433041,0.04942289286038659,0.048979292198795266,0.04893385263253025,0.07034565103797874,0.07024630808061905,0.0004584361850208385,-0.0003604850536069737
2007-02-01,-0.014006,-0.015996,0.0038,0.016791868803729182,0.010278581354303817,-0.016925648511009195,-0.017150296288990896,-0.013456321821330275,-0.013612331196100946,0.016119903699999938,0.015868787300000076,-0.036358556519519025,-0.036358556519519025,-0.0017797418145387711,-0.004191742528664055
2007-03-01,0.012954,0.011479,0.0043,0.021415529628592944,0.016202470905824384,0.018967398947304925,0.018925347823644856,0.020541081633398628,0.02029441698686396,-0.038431151694117704,-0.0443498738823529,0.01514808552282032,0.011361977975389737,0.038326593282895116,0.030202401061369066
2007-04-01,0.039834,0.03847,0.0044,-0.01206164153946565,-0.012494508603215326,0.026175845694442534,0.024687876531325426,0.03288735834247025,0.026132288772559686,0.0021697422619049167,0.0021347252976193776,0.05507677740751715,0.04408473244796318,0.0025137280488960467,8.051014085408426e-06
2007-05-01,0.038953,0.036666,0.0041,0.031374814347770785,0.0285243939937605,0.04283337618801597,0.02848199270169416,0.050831351024870575,0.034793109199852124,0.040159850563855404,0.040088843137349395,0.019858833962144162,0.015269476947417093,0.02760234017576857,0.023796389609832547
2007-06-01,-0.014747,-0.01611,0.004,-0.01933292718857893,-0.0277044116044165,0.012440981119186345,0.005663947013337056,0.013870594981715056,0.012936945872647154,0.02292464015487794,0.022475058103658352,-0.013163675574352829,-0.013443424335142007,-0.012771479162128396,-0.016097527495444908
2007-07-01,-0.03179,-0.032792,0.004,-0.04629499362579215,-0.046462560556759014,-0.06739045029272894,-0.06821451103497,-0.059693463770435495,-0.060523726567390246,-0.03999494800000003,-0.04004564200000005,-0.055183185380159094,-0.0559825420588943,-0.05801144992154261,-0.059709375195136194
2007-08-01,0.011593,0.009641,0.0042,0.05999909242854917,0.052184045577457594,-0.010543309000440537,-0.010588597950535905,0.003575363795097486,0.0030419576949947125,-0.09874240416279068,-0.09906409683720929,-0.009967302957065605,-0.010409948750210507,0.010357171291397238,0.0038834988739433474
2007-09-01,0.040822,0.039306,0.0032,0.03314702707696493,0.028769979074518393,-0.017368829325650537,-0.017551682702861116,-0.00013894804634073665,-0.00019835760225739296,-0.0020274391034481587,-0.007354996264367641,-0.00986747565781676,-0.010720668770415998,0.009716095275713377,0.008044524058808955
2007-10-01,0.02591,0.02477,0.0032,-0.028384482882836792,-0.029252004938483678,0.00471000327647042,0.004565174209443024,0.002706003659453504,0.0027021336243941985,0.019698463494185914,0.019498737897674312,0.011803603538851792,0.011784441632875398,0.030139328532133636,0.02817449652661752
2007-11-01,-0.049362,-0.051309,0.0034,-0.03225575878495712,-0.036129463891976354,-0.0580610031797999,-0.060935402265409166,-0.05362248046768381,-0.05363104566471444,-0.09650956588888882,-0.09658343511111112,-0.08046897691204224,-0.08046897691204224,-0.054417747535626115,-0.05721177478508266
2007-12-01,-0.004405,-0.006493,0.0027,0.006182547877967792,-0.003020281957907933,-0.002682027460264913,-0.00345286731121619,0.022600806730222134,0.022591816304815104,-0.02204743741573023,-0.022700406629213465,-0.009866591577422867,-0.009866591577422867,0.026543095471653455,0.025608156949258554
2008-01-01,-0.062218,-0.063321,0.0021,-0.12401110918089076,-0.12466664892032175,-0.146449280627716,-0.14672237061549442,-0.1360028205110675,-0.1375976201721213,-0.1316729182580646,-0.13173698677419354,-0.13892794446731238,-0.13900709839863523,-0.06701402830301506,-0.06839499745178157
2008-02-01,-0.021697,-0.023636,0.0013,-0.03647408343643943,-0.042644560017737976,-0.0209387128076427,-0.021033070200962012,-0.005258867284775204,-0.0053555827148179524,-0.013786650000000011,-0.014126720000000037,-0.02285738583534802,-0.026800455550038182,0.009168739506535628,0.005844816851552359
2008-03-01,-0.010444,-0.012186,0.0017,-0.04972781237859225,-0.05576655772324035,-0.06703992830502603,-0.06705668433466505,-0.07396392010882746,-0.0744343689396264,-0.12760685190909105,-0.13575427660606076,-0.10325153397691378,-0.10455154774362097,-0.03470185943622284,-0.04399019671176618
2008-04-01,0.051199,0.049876,0.0018,0.038451700091395535,0.03752866402468591,0.05367834889120249,0.04832380200584008,0.037408173426431546,0.028348220137615954,0.12937626736907237,0.1293211919340207,0.06981837291764004,0.057992881355109605,0.06354872482776575,0.056966012527049026
2008-05-01,0.023935,0.021621,0.0018,0.007027019081004893,0.003147921807838072,0.03519458835775979,0.016318873600398298,0.035292516473652835,0.01883092861235669,0.04854959908125012,0.04844913880833346,0.042609650705757174,0.03693888729662542,0.0037523648545545463,-0.0041494935588805015
2008-06-01,-0.078436,-0.080249,0.0017,-0.07828672222310995,-0.0813662559646724,-0.11202510247628839,-0.11564223405115015,-0.08233421160442111,-0.08388905888870324,-0.04028685617021277,-0.040893123744680904,-0.09527294379682649,-0.09579953541246633,-0.07376670676108621,-0.07688750129424327
2008-07-01,-0.013413,-0.014759,0.0015,-0.06241289858440746,-0.06286820261164239,-0.03241058334272462,-0.037472102364616955,-0.019872276288977586,-0.02117734536569571,-0.013120377000000016,-0.013188842000000034,0.0023744735436503905,-0.0002628143272186412,-0.045336741275945225,-0.04656517670715998
2008-08-01,0.010597,0.008608,0.0013,0.13728868380692005,0.1273746902772548,0.0813042920699294,0.0812612402311732,0.04968838268324949,0.04946253529608802,-0.00231693512087916,-0.002596623340659354,0.07920261449506749,0.07889236316755222,0.10831882127766757,0.10135024223906708
2008-09-01,-0.098172,-0.099959,0.0015,-0.023616278914054933,-0.029762815021425193,-0.055142262678496645,-0.05629034724654847,-0.04715562323839062,-0.04725880356226464,-0.15385754036170218,-0.16042204414893613,-0.0663049769708004,-0.0669309288553348,-0.07956143981166186,-0.08141463610137412
2008-10-01,-0.184833,-0.186319,0.0008,0.019964490207860175,0.018783877738573596,-0.058382079890396454,-0.05856132353821797,-0.17049232196758635,-0.17049439986024417,-0.24658477641999987,-0.24666281615999996,-0.08503595070445713,-0.09675593013108563,-0.0576677927789111,-0.059800109839995175
2008-11-01,-0.084681,-0.08742,0.0003,-0.023065203422849234,-0.03024701032316779,-0.014169760833333322,-0.01920451283474567,-0.00774127521045187,-0.007757379909604456,-0.057455749514563226,-0.05759177475728172,-0.014684788738685173,-0.014684788738685173,0.07377825593149323,0.06714386149096363
2008-12-01,0.022232,0.019166,0.0,-0.015237499912010843,-0.017981012343414426,-0.06451065261135369,-0.06596144820960692,-0.018793536604366667,-0.01884037200698674,-0.034239264727272456,-0.03528838780090893,-0.08096493271433458,-0.08132655529935007,0.06800157809985174,0.06623161192993132
2009-01-01,-0.077471,-0.078863,0.0,-0.05528615889813426,-0.055379585230233674,-0.047445983465494,-0.04805806624690445,-0.07381706319012404,-0.07690954786937498,-0.08579361513513528,-0.08587186279279291,-0.057827566616225234,-0.057827566616225234,-0.032246376327202286,-0.033038774881897326
2009-02-01,-0.100166,-0.103353,0.0001,-0.012420724214022183,-0.022642356995695057,-0.06190462563944654,-0.06198684151848077,-0.067255341355005,-0.06740366132187225,-0.017537430583333458,-0.01810912066666681,-0.06438907949255135,-0.07194015302025147,-0.05986931551990016,-0.06584830061045632
2009-03-01,0.086803,0.083548,0.0002,0.052447207342213975,0.0427552042239423,0.014093080695049665,0.013930771195831415,0.020148449291647497,0.019784681083218292,0.08917141791764704,0.07873155588235292,0.01539814138479323,0.013025906368014928,0.036493523325080934,0.031081593323288637
2009-04-01,0.109466,0.107632,0.0001,-0.012002903099077922,-0.012540678504945446,0.121967654595045,0.11407885662815365,0.14324170349268872,0.12948057508977961,0.08710039389901003,0.08700474658019797,0.1091763989799539,0.09413115261010296,0.05391896127324647,0.04947713196078052
2009-05-01,0.067787,0.065137,0.0,-0.047209329390036636,-0.04979523157732757,0.013451110490216855,-0.0035291285061777034,0.0069025599263226045,-0.01273760778688271,0.05026533346407769,0.05012442993300947,-0.004064976062243875,-0.00705317660394289,-0.0058369893174210485,-0.011485469157971107
2009-06-01,-0.003019,-0.004962,0.0001,-0.007506509002168205,-0.011279812244735066,-0.05404380239403461,-0.05975978987541042,-0.047846957487940656,-0.04886265748694174,0.029706022450961767,0.028985476344230987,-0.01601807214138551,-0.016489999780663678,-0.08216708919078741,-0.08606119147620506
2009-07-01,0.081779,0.08036,0.0001,0.07303493655423043,0.07263579813921006,0.07312453785295192,0.07164292540442796,0.07918616854870852,0.07836870523726924,0.004481880166037788,0.0044241072830188966,0.0816220598019406,0.07947348517697295,0.08644279935766885,0.08489117627073517
2009-08-01,0.03151,0.029351,0.0001,0.030114560384400635,0.02043054272189626,0.06319785931560351,0.061877500949642394,-0.013422453347819996,-0.013634810285153565,0.02612439310285697,0.025785151712380827,0.039673788700651746,0.03952699790817227,0.07078495040700439,0.06496224923632954
2009-09-01,0.045281,0.043643,0.0001,0.029547604329239308,0.025523166809348297,0.02757534763648728,0.027453032861145754,0.011538023523087526,0.011429209620322567,-0.08720090077272702,-0.0929321835454543,7.748565332521551e-05,-0.00010606717687011713,0.05510631234768115,0.05342575792905713
2009-10-01,-0.028072,-0.029326,0.0,-0.06930095245593892,-0.07035893946641647,-0.053735717077120326,-0.0537594013291951,-0.05445461830679443,-0.054468430186896954,-0.028040461801801975,-0.028117256666666757,-0.026803356244714638,-0.03580348100990716,-0.012883604806439575,-0.01388612214544771
2009-11-01,0.057075,0.054619,0.0,0.00198670522772626,-0.0027608783050561136,0.00503040213724848,0.0009174968936074279,0.02467243632908489,0.0246567155110613,-0.06945156424107124,-0.0695508824821428,-0.0100198015886942,-0.0100198015886942,-0.002818278114801953,-0.00743769212889922
2009-12-01,0.028475,0.026449,0.0001,0.055576423150360155,0.054170687850792376,0.07957594730233897,0.07782459802156527,0.07197919157064292,0.0719641415361274,0.09028484854774765,0.08933396249369374,0.05689410531252559,0.05684402584945403,0.06576368204253646,0.06458365559299883
2010-01-01,-0.037172,-0.038184,0.0,-0.06552809257488756,-0.06596803113827088,-0.011512208760199094,-0.011591328398429801,-0.02009572632952472,-0.022019804825949785,0.0021169143090911113,0.002044138672727458,-0.006511008104686078,-0.006564265025757687,-0.026371000837974834,-0.027069860622973008
2010-02-01,0.034744,0.032657,0.0,0.04807893777692196,0.041056774633735804,0.03220537802134493,0.03201221867558468,0.037231723641228065,0.03716950803011687,-0.016052392252252412,-0.016518077747747828,0.07129362531867689,0.07115448581523531,0.06872298598033,0.06349808635113297
2010-03-01,0.063668,0.061985,0.0001,0.024245881909229272,0.018035619714359408,0.07748493071599127,0.07742685715018438,0.09510439267619786,0.09477890122033927,0.1110043246700001,0.10160093706636375,0.04159699596222266,0.03337481571990186,0.10396255270974897,0.09780748884901058
2010-04-01,0.020036,0.018924,0.0001,-0.026602189448283298,-0.026927501917188512,-0.009784792231497308,-0.01149128066855476,0.015169829409331426,0.007467889530446525,0.037913964485981166,0.037857143523364334,-0.0168687508797436,-0.028795453845002705,-0.027439809397991066,-0.029603460929167658
2010-05-01,-0.07924,-0.081328,0.0001,-0.019915819585676342,-0.023242185087110956,0.011551140467006116,-0.008812970246278917,0.03742987099936301,0.022240349986627272,-0.12121926218348622,-0.12132368142201833,0.01563640515870346,0.01047348284197458,-0.022871941165451104,-0.026566936442293354
2010-06-01,-0.05078,-0.05252,0.0001,-0.007388384689190786,-0.010253608669165026,0.012633744047287898,0.00808820643810848,0.03240679672503477,0.030377632949374345,-0.045481584681818066,-0.046235861709090775,-0.02404981460922906,-0.024344690751716414,-0.04889935416942015,-0.05239410237134323
2010-07-01,0.07036,0.068664,0.0001,0.012764576963100405,0.011661300745447134,0.006653235442463545,0.0027699807096481788,-0.016654165249566755,-0.017250395003372,-0.0275696357543862,-0.027634891807017725,-0.03830769046598925,-0.03995332812198593,0.034930642588708594,0.033515546562048915
2010-08-01,-0.042863,-0.044989,0.0001,-0.03257375272190122,-0.041047945349177994,-0.04000309716221051,-0.04134980600356519,-0.03609926982887712,-0.03614483560606074,-0.07551302656410253,-0.07588523851282047,-0.021248822030022763,-0.021548430378869554,-0.025032058994444717,-0.029549148780793066
2010-09-01,0.091628,0.089747,0.0001,0.005670821396765335,-8.327859889345479e-05,0.04924311766403133,0.04898765904196756,0.03946971269217747,0.03936309115492653,0.020788839331092657,0.012811784148739402,-0.008760607339307946,-0.00896207639986013,0.0660813945356038,0.06444728957370272
2010-10-01,0.038591,0.037071,0.0001,-0.023718041831330305,-0.02475346815646784,-0.022969402522156512,-0.02584741807845481,-0.005775181506064264,-0.005794542388015245,-0.047879082344262525,-0.04795541304098372,-0.009365078376656344,-0.009391771022336237,0.001391937708905333,-0.00014683935823400773
2010-11-01,0.005117,0.002917,0.0001,-0.013909820925068206,-0.019714159183132796,-0.03001263786904962,-0.03404556190339847,0.024553876155309684,0.024542147759235133,0.06993572697520678,0.06983229224958687,-0.00036666194150658526,-0.00036666194150658526,-0.031593881386003275,-0.03428226573767301
2010-12-01,0.067182,0.06485,0.0001,0.034551921716174716,0.027978371458908136,0.08407016965045,0.0827305505216549,0.07586345386365623,0.07584878859394895,0.052972223480833414,0.051959351941666565,0.010642135795513985,0.010642135795513985,0.0924795911613594,0.0912209635038923
2011-01-01,0.019183,0.018231,0.0001,-0.0007740898793312523,-0.0009406963464864138,0.026705012798698746,0.026634384221337237,0.005703037922728527,0.0030401154402737163,0.005473269190082952,0.005394914247933924,-0.012084230121903405,-0.012171785371257848,-0.015409372625776241,-0.016239539080915022
2011-02-01,0.038156,0.036223,0.0001,0.010050037209083706,0.0021674074251287756,0.004787666386511402,0.004495350829964773,0.00079606462282511,0.0006841514285809147,0.044395643100000104,0.0439269147000001,0.019852309201263685,0.013654693466036427,0.0021623796222030034,-0.002089307621458647
2011-03-01,0.003341,0.001758,0.0001,0.003700594053317463,-0.0019253528072381565,-0.05125078897689017,-0.05129959018316699,-0.043511796437660566,-0.04372869891298148,-0.07920112505737731,-0.0887304017049182,-0.055021349102966854,-0.05715414951832465,-0.016077096064607832,-0.02034900213528057
2011-04-01,0.028597,0.027483,0.0,-0.050364901957687835,-0.05076466441584804,0.0018026257488243935,-0.0024160413114799884,0.02005353219156314,0.014121936726694262,0.0004522759833336387,0.00039078188333352415,0.010896936126251422,-0.0029494368606496346,0.01644820971517791,0.014006473135661501
2011-05-01,-0.014948,-0.016956,0.0,-0.028832832227072558,-0.03483757317583136,0.012879489471642858,-0.004939294257411908,-0.010017522184862293,-0.02773459910568532,-0.03624290634146343,-0.03647742926829267,-0.02993656839888137,-0.03650317068816644,-0.000854749673952937,-0.004871361454139134
2011-06-01,-0.018447,-0.020211,0.0,-0.017997104594047353,-0.023433826693039506,-0.007120929375130092,-0.01293877563910295,0.0037191555245783547,0.002243462871103441,0.004821163944354723,0.00397991903387096,-0.0928305667623287,-0.09324937779904208,0.0008643837703927737,-0.002561830977002244
2011-07-01,-0.022534,-0.023674,0.0,-0.047323209684723144,-0.047606525329283,-0.049963066216462404,-0.052676374488616506,-0.023566269899754855,-0.02431591300609459,-0.024270663936507897,-0.02435016073015872,-0.0953395312285199,-0.09558530265952048,-0.017781924165924057,-0.01914234574006679
2011-08-01,-0.057564,-0.059704,0.0001,0.006347106854884821,-0.0031995928596457723,-0.10341041487999725,-0.10358831605909447,-0.16750653232400758,-0.16759193333565892,-0.10497301604615394,-0.10535249703076932,-0.10135122859979717,-0.10193966550331479,-0.08378022365443871,-0.08975652905685993
2011-09-01,-0.084983,-0.086672,0.0,-0.036601846632289714,-0.042762108148140965,-0.04227654075434639,-0.04537000815348802,-0.01688964589146713,-0.01699894140256053,0.0005913728999999979,-0.00856431599999996,0.11049310803620904,0.11012538948150086,-0.008306847319764055,-0.010146200911546499
2011-10-01,0.114146,0.112735,0.0,0.0766193437413456,0.07582288239614465,0.07486213366387284,0.0744670584787066,0.10151425775336453,0.1014957285352609,0.0016052100999999208,0.001505017800000008,0.06676985870389673,0.06670312680913737,0.07311303730955077,0.07162482811858806
2011-11-01,-0.00627,-0.008937,0.0,-0.027981950446993697,-0.034409033442246995,-0.023118732416285592,-0.02583593647057092,0.0015298713229090488,0.0015129651019325507,-0.03806117457364344,-0.038161093178294525,-0.00636462347294342,-0.006664235595605583,-0.01002377744653915,-0.016521952208022217
2011-12-01,0.003676,0.001428,0.0,-0.01662710510650056,-0.01985438557123087,0.027089478783884458,0.023833683028658292,0.004692287348536661,0.0046655619591029485,0.0043479464000000245,0.003153130200000076,0.06374318416643643,0.06374318416643643,0.019744227515301027,0.019137003625970372
2012-01-01,0.054106,0.05296,0.0,0.020885963044128486,0.02080982937394138,0.0718480954214562,0.07174931451626643,0.10746715281208341,0.103918384505848,0.023746430955384534,0.02365918081307683,0.020090143512957015,0.02000129797432959,0.03273022151227778,0.031491998425392964
2012-02-01,0.041225,0.038953,0.0,-0.005147864613678554,-0.014725780435892344,0.01994132100460777,0.01866495851435257,0.02921601879725033,0.02919780553542828,0.12734535985039397,0.12673237955118122,0.00729989357076688,-0.00012027855936902476,0.025356500918805258,0.01909217007648678
2012-03-01,0.02402,0.022138,0.0,0.03273854078020144,0.028256681806232198,-0.00021314768201097234,-0.0013756902398546211,0.01449487709306485,0.014119886588325192,0.08685136015371908,0.07551208832396683,0.023105903841654563,0.020786955323977452,-0.005332500112740113,-0.009471851753286131
2012-04-01,-0.006829,-0.008046,0.0,0.028146826269140224,0.02758244259093723,-0.04312179343039524,-0.049072808377507715,-0.012353708251671813,-0.023194965125835965,-0.06910465098373986,-0.06915987715447158,-0.009091594821810323,-0.026905302398392617,-0.017243736008999866,-0.019914065678999893
2012-05-01,-0.06559,-0.068005,0.0001,-0.032024511332665484,-0.03810002874248508,-0.016929367799468853,-0.033593554352647104,-0.038296904029361145,-0.05437307411838188,-0.12176476947619042,-0.12189641949999996,-0.00854729744332905,-0.013169220859260755,-0.05783810198442607,-0.06294174529012819
2012-06-01,0.038151,0.036049,0.0,0.0034280508427799727,0.0009253843518925997,0.07934198599008035,0.07066285085854407,0.03682743777705122,0.03466527757721072,0.06743007349999997,0.06632386409999991,0.04674041433467413,0.046524323308129834,0.07549057238598622,0.07198758218313195
2012-07-01,0.010307,0.009055,0.0,0.007343193630368949,0.006930991910174988,0.04595934591433459,0.04465981701514932,0.07021921543987619,0.06959967880425166,-0.04655634910236217,-0.04665617185826776,0.06902686133254754,0.06856679446695368,0.01048951268633358,0.00995473894752763
2012-08-01,0.026317,0.023718,0.0001,0.004926394166109738,-0.005039843552267387,0.02304135740130575,0.022901118314911928,0.0092273522860713,0.009180945483975522,-0.003146022999999998,-0.003654869000000005,-0.01158806399806378,-0.011818340028847962,0.008710870081211075,0.00391489044729032
2012-09-01,0.026513,0.024564,0.0001,0.02667229688328865,0.020858614807322873,-0.04178326245044628,-0.04569131901916956,-0.01330100844169202,-0.013392900458766066,0.009480206556250037,-0.00011214819140625831,-0.011801997015299492,-0.012276792573305828,-0.013371566825585934,-0.014535892362061209
2012-10-01,-0.014055,-0.015502,0.0001,0.04144010372379081,0.04081093319712559,0.012997107941883579,0.012923543768498469,0.009478122278479884,0.009341695910397574,0.013120252674015731,0.013018940976377902,0.008346450323885701,0.008308953826160703,0.014605947271268516,0.012948389026243623
2012-11-01,0.006217,0.002977,0.0001,-0.007945938147563725,-0.014750111983853897,0.048893896445104,0.047319367075157714,0.03155256546113572,0.03143048322389963,0.08418796287398367,0.08407121487154456,0.03707542395816743,0.03707542395816743,0.028016418059619408,0.024312763963928008
2012-12-01,0.012569,0.009019,0.0001,0.027250618109937896,0.0254014107870999,-0.0035905546687399204,-0.005703404904093379,-0.0005295880172877521,-0.0005560258378686234,0.12900550880252126,0.1276216857260506,-0.016957868211277094,-0.016957868211277094,-0.0005380120529699939,-0.0015877890223846558
2013-01-01,0.054142,0.052937,0.0,0.04767037739433322,0.047524186626666465,0.015940869999721885,0.015470861708396066,0.013538290813582599,0.010999846849684358,0.16389702264374995,0.16378844874374998,0.07309215681080361,0.07300565343745169,0.0737751259416537,0.07309709307867207
2013-02-01,0.008282,0.006079,0.0,0.07175934085354041,0.06422104896702252,0.003694202983801409,0.003570366038510242,-4.469508395898991e-05,-0.00014261350080180257,0.07820804611851817,0.07770634740740712,0.03013998988401667,0.023854889326393236,0.05943653210818134,0.055615151709738964
2013-03-01,0.035295,0.033526,0.0,-0.023327071502175056,-0.028237073213146502,0.039432894238840444,0.038280322003512834,0.035062065707102796,0.03474692318095429,0.09615702099245294,0.08606492441509461,0.053887864210005576,0.05155322200236645,0.03878876630445638,0.036623998340994834
2013-04-01,0.014939,0.013764,0.0,0.03620323747591514,0.03538952907678228,0.027129359025028554,0.021582751762441177,0.00620716206743932,-0.003933274727877412,0.1675032153058822,0.167447954388235,0.010508528964090935,-0.007520821379638498,-0.007183597961465726,-0.0089017052741166
2013-05-01,0.019128,0.016568,0.0,-0.0024908301683638223,-0.009766591700776317,0.04348500610336603,0.027929763363244264,0.052957961092197525,0.03833360616325199,0.004086086727272731,0.003988554121212129,0.025045206845929036,0.022408560775544872,0.02647766991273426,0.023004942036189746
2013-06-01,-0.015072,-0.017089,0.0,0.024527837046504297,0.02090558216218219,-0.06060714111563237,-0.06566476778351149,-0.053456123014018364,-0.05541573160286439,-0.041160776718446646,-0.041976783737864065,-0.056272316906597064,-0.056366408936829426,-0.05859037219021468,-0.06143366516304116
2013-07-01,0.052658,0.051223,0.0,0.08830204930027308,0.08815030658481704,0.07870252228233499,0.07772043225601322,0.04688238777995135,0.044173023916717735,0.030012412324000204,0.029918617639999923,0.04170636987228571,0.0416402169290182,0.08809007628455756,0.08749250150658794
2013-08-01,-0.02575,-0.027927,0.0,0.03947339703197961,0.030729837644185132,-0.0283522689451704,-0.029804496281207737,-0.027766293410244836,-0.027983990280306403,-0.04214907156862746,-0.04252330784313729,-0.029193631340155624,-0.02956192620874243,-0.04225226307668495,-0.04638586454982263
2013-09-01,0.037497,0.035699,0.0,-0.006133290146651871,-0.011765850873965422,0.054109375000957805,0.052988898688566266,0.047283783437369165,0.04720075594259221,0.10002591216633672,0.09252873553465335,0.029733335631404012,0.029217214456124685,-0.012698306816682381,-0.013191646829556314
2013-10-01,0.039889,0.038603,0.0,0.016885555942893316,0.016523845158430417,0.013997467970013222,0.013973364390883702,0.029676688324959732,0.029462396986486894,-0.011194476696078537,-0.011256664970588304,0.004131458096877205,0.004094134501046787,0.013277670658218499,0.012126611468505466
2013-11-01,0.024956,0.022831,0.0,0.005282056856821038,-0.001406966086550998,0.015101949500555989,0.012556432590630884,0.04777415360149728,0.04776585089403307,0.07288243488799995,0.07279283064199982,0.01627495141756441,0.01610743312616414,-0.007635916357018879,-0.010115702270807603
2013-12-01,0.02614,0.024082,0.0,0.046412340704320654,0.04239049041122511,-0.012007862537664282,-0.014459796477319875,-0.004289678463802238,-0.004312013607543186,0.0678230525773198,0.06685724969072182,-0.022969973994818704,-0.022969973994818704,0.00020964498443509783,-0.0005676618952571433
2014-01-01,-0.03002,-0.031124,0.0,-0.014332348545947116,-0.014498156166177445,-0.012538980600675598,-0.012898793958584287,-0.01427672175620509,-0.016376518994272282,-0.047079559937499904,-0.04715652943749993,0.01341428599239003,0.013360295582085957,-0.035448748293624766,-0.036078347878870765
2014-02-01,0.046198,0.043963,0.0,0.0352124822102966,0.026981463966392116,0.057375243357511874,0.057215493105861714,0.034726670902597956,0.03454219418974014,-0.02666298448979587,-0.027064113632653042,0.023054256138707707,0.016996309532505194,0.04284987748327107,0.03980338483959445
2014-03-01,0.00454,0.002819,0.0,-0.008607519183958856,-0.013175112891847363,-0.006934949490454034,-0.00787496373365637,-0.02370130701728368,-0.023818660195255914,0.0014375910999999686,-0.008271797000000025,-0.009167201419565063,-0.011596820209042957,-0.03310672461754094,-0.035008651558349424
2014-04-01,0.001573,0.00041,0.0,-0.01066081740823377,-0.011024424048513004,0.022471093855119362,0.01781047499640831,0.0035160871962924833,-0.0014345436729905625,-0.031820093999999965,-0.03186247099999995,0.021647777047916428,0.007215055419685479,0.006011011905517005,0.0038912160646764615
2014-05-01,0.020254,0.018045,0.0,0.007562263677592496,0.001732628847124884,0.028503676687895885,0.014507151825897235,0.039918709678651965,0.023091177234733307,0.03406571140000003,0.03394874340000009,0.03179929881311194,0.025033212817908934,0.011566126576036062,0.009163621103384534
2014-06-01,0.027973,0.025986,0.0,-0.02135998087933788,-0.029690018578750643,-0.007131217932548672,-0.012047867892239772,0.0028407968731152256,0.0017673438920191575,0.05141377930000002,0.050584608000000086,-0.006070387140464151,-0.006212499832571994,-0.02323703778140529,-0.025798530867636726
2014-07-01,-0.020555,-0.021849,0.0,0.041826786507082714,0.04167215488672915,-0.02869942153328886,-0.029788150682775294,-0.03628775412547103,-0.036881943928175454,0.022003735400000002,0.021907838800000023,-0.02179362538310259,-0.021854894598042462,-0.018997146480721705,-0.0201807381844602
2014-08-01,0.040205,0.038202,0.0,0.016277604228284615,0.009456217356386576,0.037021522993601064,0.03692086227309033,0.021707356185099558,0.021675697705903163,0.0022211676082473097,0.0018450921030928047,0.04410043582169054,0.043649746293949576,0.04148502389542519,0.03742205158074241
2014-09-01,-0.025196,-0.026893,0.0,-0.02456116259654939,-0.030309504071001858,0.033138259850531426,0.03204143101792223,0.029847874385134476,0.02976610113236089,0.0870011466526881,0.07945704445483859,0.037880768017662936,0.0371932761271736,-0.0009992349109885224,-0.0013882249662371393
2014-10-01,0.021164,0.019916,0.0,0.07145824091342656,0.07107313326750919,-0.013031154101916798,-0.013864231673503258,-0.0019502417702926822,-0.001976746727380352,0.0049108416999998905,0.00484269270000004,0.01528351129490213,0.01524732614768931,0.006744135509518578,0.005921676982083124
2014-11-01,0.021104,0.018938,0.0,-0.017434579330749655,-0.024413592978135057,0.061037127277591585,0.0602209613245972,0.07985797612489365,0.07985122905005215,0.1408263029593022,0.14073523562906964,0.048880496371661586,0.04864842724004448,0.04812748158036895,0.04557851393144374
2014-12-01,-0.003659,-0.0058,0.0,0.06556866908891856,0.06319390936529001,0.0028212320100575727,-0.007069286402546893,0.00044236008338072175,0.0004207131711411183,0.024944198390476346,0.023604003261904927,0.0023927267884520376,0.0023927267884520376,-0.008034387901048157,-0.00882144386998196
2015-01-01,-0.027163,-0.028233,0.0,0.05662600674890883,0.05654830207147832,0.14118946132552734,0.14065714043039157,0.15072956191510967,0.14841676645039148,-0.0038302346729413017,-0.003915039590588365,-0.09425262022011316,-0.09430683138432472,0.05946770002546553,0.05898684394439302
2015-02-01,0.055915,0.053599,0.0,0.10324007150565628,0.0961312810059256,0.09523052713836999,0.095187178423348,0.08880884732634353,0.08825991720726867,0.08573503930357163,0.08533115856547635,0.07519537978517254,0.07488600794832889,0.018484596898532324,0.016694365419844592
2015-03-01,-0.010397,-0.012211,0.0,0.010557375472850516,0.004769221545572133,0.06390791780478788,0.0626714035474627,0.09398649877715148,0.09384502116877713,0.034620826096385615,0.02616134812530113,0.06651894564797178,0.05833848539647257,0.0052014264917101816,0.0026594113915632267
2015-04-01,0.008766,0.007618,0.0,-0.016813781392764904,-0.017155030506976754,0.010368395695185662,0.005816034019340277,-0.03335087009166515,-0.03688213390768802,0.016703996755952355,0.016664314258333368,-0.0130603270264249,-0.027070630761658165,0.0279262156729021,0.026240324855945962
2015-05-01,0.010277,0.008115,0.0,-0.014289546732733638,-0.024256701865416286,-0.022644130449252398,-0.03391446632363215,-0.029196309137870635,-0.04438227574388831,0.06099394175903594,0.06089604886746991,-0.01258869323801004,-0.018096114084237058,-0.025342792091666677,-0.02769815147774335
2015-06-01,-0.019231,-0.021171,0.0,-0.030650188950226642,-0.03265912504082935,-0.04643590876313919,-0.05154506492294675,-0.04094702586085874,-0.041974867338143707,0.0029053602222222086,0.0019338206296297678,-0.04589448121420581,-0.04648324231487688,-0.05880830989830521,-0.05967666897996926
2015-07-01,0.012108,0.010895,0.0,0.08514603538220578,0.08506939679910874,0.08002158079372546,0.07931653766710922,0.055347049004219384,0.05509379536459025,0.020943213100000024,0.02085928189999997,0.09349177093687211,0.09313859470903152,0.023192887695989706,0.02280355906930609
2015-08-01,-0.059926,-0.061993,0.0,-0.059046280216723646,-0.06704012987155572,-0.08933020002532321,-0.08941808714870692,-0.08758849583683548,-0.08801105872189285,-0.07353283799999999,-0.07386081700000002,-0.04269309651970943,-0.04292687417084751,-0.05648115324431913,-0.05991437565027613
2015-09-01,-0.033756,-0.035693,0.0,0.005628003409123172,-0.0005540094262641571,-0.04532290127063865,-0.04627460134437633,-0.05440812788031013,-0.05452540347742463,-0.09386482892771086,-0.1005116235421688,-0.027634347294077544,-0.028500033730428864,-0.0033101561206153596,-0.0035330338512191695
2015-10-01,0.073937,0.072542,0.0,0.023424633113458215,0.0226051683136248,0.08587903269312425,0.08509706915526372,0.10715355929875314,0.10692425607812606,0.09983565019999996,0.0997693126000001,0.04604739045266881,0.04600682365408315,0.04051880322393275,0.03908080579346951
2015-11-01,0.002404,0.000136,0.0,0.001991485138539195,-0.004356211586901693,0.0569215444544422,0.05573650289945009,0.08590228577056047,0.08589681276166683,0.030309175459755977,0.030228105007317208,0.048248155204786425,0.048248155204786425,0.016022415973871107,0.014686032090515999
2015-12-01,-0.022209,-0.024447,0.0001,0.014274316498440909,0.011956929932965377,-0.05536321522380383,-0.0588889916698504,-0.05584836840224083,-0.0559069477325741,-0.01784177499999995,-0.01917701599999999,-0.031261631709125215,-0.031261631709125215,0.0014186278957346588,0.000832175601895857
2016-01-01,-0.057085,-0.058253,0.0001,-0.020902209218085832,-0.020981871434032295,-0.03659901326734205,-0.0367948958946106,-0.07379838421999074,-0.0758148775532933,-0.09954800854117651,-0.09963134562352938,-0.03250333234600278,-0.03255184696068181,0.009123090205322315,0.008470517345678052
2016-02-01,0.00062,-0.001802,0.0002,-0.036698649689655194,-0.04477058184482763,-0.03667805713216732,-0.037805457314731394,-0.0451868181694014,-0.045999287321943805,-0.10788495620689642,-0.10829470114942519,-0.05094842010981049,-0.056919882445888303,0.007459898929097486,0.005262453135899348
2016-03-01,0.070491,0.068122,0.0002,-0.004324461430783577,-0.010287673824200483,0.007845600033016042,0.006493615938099273,0.039966921438297165,0.0398907679942877,0.02466316210898878,0.015299196975280704,-0.009682194658589327,-0.011745896908172404,0.01572939087107894,0.01326739476138683
2016-04-01,0.011718,0.010483,0.0001,0.009045489107933014,0.00859118985908136,-0.004259273724519841,-0.00889730245831144,-0.01539041878478753,-0.019896271551560152,-0.028135535879120988,-0.028183393428571568,0.007414557913343112,-0.007700681262437392,0.0019528381900133507,-0.00010511734525453509
2016-05-01,0.01434,0.011925,0.0001,0.07830862045608078,0.07172325797409118,0.03198388423438847,0.01689973440470327,0.02629565449618121,0.009877810250053187,0.018319203878260915,0.018096254966304404,0.04499277308936267,0.04117757344055528,-0.005277923185685762,-0.007608821646364561
2016-06-01,0.002947,0.000875,0.0002,-0.032624630504256236,-0.034996274562356544,-0.044838205089743566,-0.050196912596865984,-0.04627823014245014,-0.04842147445726486,-0.11863992349473684,-0.11993348126315784,-0.025924452793795627,-0.0260645283028601,0.03291983673553567,0.03165888570548714
2016-07-01,0.038815,0.037567,0.0002,0.0444313996731438,0.044327530879784804,0.06262386127023101,0.06173275523386712,0.07989901925948462,0.07917963612656753,0.04713453788020816,0.04701678597395831,0.037922040215423,0.036408947233215416,0.1240218851615198,0.12321638409007152
2016-08-01,0.0028,0.000463,0.0002,-0.026523508742036905,-0.03368150145209059,-0.010127228873427319,-0.010213040413268537,0.003853969947131164,0.003690992297671114,-0.030673525333333562,-0.031096300606060723,0.0019375779472616816,0.0015873761267430897,0.02351162805642315,0.01780643479999977
2016-09-01,0.003013,0.001235,0.0002,0.009060587002805987,0.004233739807930403,0.002279720985558953,0.0012873518250668958,-0.0011744416522552203,-0.0026403048644142446,0.016016179592857283,0.007764790326530768,-5.229340729917542e-05,-0.0008182581461799732,0.00658382250865297,0.005795582797374577
2016-10-01,-0.021544,-0.022789,0.0002,-0.023934257306631568,-0.024465228567301378,0.03361435141352809,0.03218558633524604,0.022915091228037143,0.022685323080551933,0.07111564475416654,0.07103751639791667,-0.014819589531898103,-0.014858423674204979,0.06537481070072992,0.06336424896350379
2016-11-01,0.040488,0.03804,0.0001,0.03525868574993374,0.0288023321633033,0.028421386534192017,0.02724358160381768,0.013020435934581354,0.012991793615270586,0.09495799572173902,0.09485156876521739,0.0217796969003885,0.0217796969003885,-0.0319954058928571,-0.03440535953667945
2016-12-01,0.018763,0.016625,0.0003,0.06687179271314991,0.06431320532845075,0.0865074049441441,0.08458042574702707,0.09422278085189184,0.09420154297369376,0.1084958470139532,0.10696903533953472,0.061182052368633943,0.061182052368633943,0.04560907981235296,0.043897162638596665
2017-01-01,0.022153,0.02113,0.0004,-0.023387453933288782,-0.023451779898191694,-0.020401838991537247,-0.020571375026798178,0.0021676260949226034,0.002074851115514864,-0.01048119422528726,-0.010701524248275751,-0.0011763733799114995,-0.0012159215360669773,0.007604815787741748,0.007075534367106284
2017-02-01,0.032598,0.030496,0.0004,-0.00364940882443876,-0.009042107681432432,0.014977699159859137,0.014608573288732218,0.02345247741704215,0.020823855123802693,-0.01319863123707865,-0.013870712200000135,0.0231964067481083,0.023132644866426633,0.02252748180630637,0.016934367045089882
2017-03-01,0.002062,0.000191,0.0003,0.03772845706050898,0.030400809226554637,0.051854792861752985,0.05057656075530814,0.030783742858011554,0.028608239136656888,-0.004070828999999998,-0.013350814000000044,0.02873158927531283,0.018830489169754383,0.0251881625789665,0.02419752048299184
2017-04-01,0.009655,0.008535,0.0005,0.018180798391133512,0.01771502408168324,0.037421912707606975,0.033876210027590226,0.012499586959968223,0.010974972228056767,-0.010572050738461791,-0.010621913526373872,0.037047016845460856,0.0253904876696025,-0.02172624669798262,-0.024354867803307534
2017-05-01,0.009335,0.006983,0.0006,-0.014996623209089788,-0.0207230771130833,0.0016742830930496222,-0.012127876635276036,-0.009444905261303371,-0.022597169747909596,0.04730921085393258,0.047183126979775336,0.009777522471070332,0.0037960622872716954,0.02200361856929378,0.016746492554134074
2017-06-01,0.009571,0.00769,0.0006,-0.015127828909838548,-0.017368741383231856,-0.03611845316478224,-0.04014054200569739,-0.03877744339891387,-0.041355963309000265,0.015056073775555623,0.013860899203333332,-0.014814462183881605,-0.015548040155517695,-0.019537754958469877,-0.021740229789617427
2017-07-01,0.020277,0.018893,0.0007,-0.027563800622877,-0.02770389279938512,-0.03286504153113623,-0.033612105202255105,-0.029277327523417274,-0.033004949374241255,0.015360540887640495,0.015237982022471952,0.008170752075681742,0.008096665180753027,-0.004508328614035273,-0.005173900078716653
2017-08-01,0.0016,-0.000638,0.0009,-0.007435822919065305,-0.01457376430132673,-0.01841947531727761,-0.01849417659925512,-0.024507012646237225,-0.024660201672733417,-0.02138839179450569,-0.021775876278022133,-0.009070556229366034,-0.00934339807085649,0.016887544761519768,0.010997079566059442
2017-09-01,0.023729,0.022122,0.0009,-0.00720130421614007,-0.012926158700777513,0.03547204412507354,0.03460983176835386,0.04941962436934455,0.04931524556205824,0.052241581805555715,0.044289236798888965,0.026801691795524718,0.026069542002723933,-0.032543781083058665,-0.03371878380449789
2017-10-01,0.019275,0.01819,0.0009,0.06489083970377485,0.06454695061255755,0.04150765132350487,0.04102642662593792,0.04228670274392177,0.04228670274392177,0.0633558864044943,0.06328521435955059,0.03953147921488909,0.03949060290178763,0.02615784558885026,0.024715214620209203
2017-11-01,0.027231,0.024905,0.0008,0.04209312898094497,0.035751233540472604,-0.0145382160295493,-0.015280293573618153,-0.010303775333815768,-0.010476792957506365,0.01740932510000004,0.017319817299999984,0.008662547049375302,0.008662547049375302,-0.020033971058788014,-0.022637123379284363
2017-12-01,0.012122,0.010264,0.0009,0.015281804505229868,0.013068848701359714,-0.011129883329503376,-0.01290667284648539,-0.008319865578911956,-0.008335583102230704,0.014278174199999993,0.01271293090000003,0.0014174891326292904,0.0014174891326292904,0.02937021000940021,0.02864153137905845
2018-01-01,0.050577,0.049625,0.0012,-0.041865177500251316,-0.04194362813876307,-0.0011326986750184176,-0.0012647599828156109,-0.009251713355349689,-0.009295345468525174,0.001338994264444393,0.0012313426333332433,-0.01811858730142135,-0.01811858730142135,-0.049536315712673695,-0.05004272976996538
2018-02-01,-0.039455,-0.041323,0.0011,0.010186040295919518,0.0034902021288927276,-0.041046007104376,-0.041371732239546155,-0.05605705861717991,-0.058235508052350005,-0.06682737516129023,-0.06722267258064507,-0.06938971132678451,-0.06943612163083546,-0.03910536004011145,-0.043520330355704906
2018-03-01,-0.018421,-0.020288,0.0011,-0.02245501885049639,-0.027401480016239432,-0.012441836852602584,-0.013627217212583087,-0.022144450492946333,-0.022282379557321264,-0.027893370457446887,-0.03713808393617035,0.0006311241453218486,-0.00690375552090261,-0.019966063632942177,-0.022512658516385176
2018-04-01,0.004679,0.00357,0.0014,0.04421924419439116,0.04374329568370672,0.06979651575600676,0.0655951893568707,0.04186537159887527,0.035064310413268185,0.044731862550537516,0.044679426015053814,0.05686596244851305,0.0427083474891603,0.05176264470385683,0.04911645900174744
2018-05-01,0.026146,0.023849,0.0014,0.035584909966724254,0.027931411515375704,0.04203209554909937,0.024948743504186854,0.04069105802588191,0.0244263225425021,0.005566475494505507,0.005461267967032946,-0.004687466453793365,-0.01006596453773334,0.06999500417748328,0.06511283959055691
2018-06-01,0.005359,0.003576,0.0014,0.03270053238096793,0.030376480389770366,-0.011110467771898391,-0.01527130329154891,-0.02055357652992562,-0.021480686403544835,-0.007032350999999992,-0.008257234000000002,0.015700617267498274,0.015513505502078972,0.011247455830449837,0.010369731419437311
2018-07-01,0.031573,0.030436,0.0016,0.026643161712468055,0.026539435091476493,0.02400244610562252,0.0235259296124517,0.0370977189059305,0.036777603063080644,0.02195738402333336,0.02183607465333348,0.050865524356406455,0.05067801896685209,0.023647396803601284,0.02313247297485188
2018-08-01,0.030233,0.027765,0.0016,0.029921399193256093,0.020668618203003364,0.0061738946115874604,0.006145450688490595,-0.008194967838399458,-0.0083156905754741,-0.009333033999999962,-0.009734503999999977,-0.0225158956221716,-0.02309737119612687,-0.007307537808510678,-0.014548839310917883
2018-09-01,0.000425,-0.001212,0.0015,0.004111666833194638,-0.0015680686372466779,-0.0006072487735151455,-0.001469554030239073,-0.029125177823090764,-0.02912630015942408,0.06543994460674174,0.057207412730337026,-0.016664876557063946,-0.017418971029330876,-0.00887667711870499,-0.009755890191367023
2018-10-01,-0.074045,-0.075113,0.0019,-0.051043704314442384,-0.05199090570440157,-0.05635328694028563,-0.05680477282581842,-0.04711830396396244,-0.04717968672397299,-0.09180596500000004,-0.09189498600000001,0.002770003221669981,0.002724019328528726,-0.04984185166892108,-0.05251197894159243
2018-11-01,0.018512,0.016171,0.0018,-0.04039020901545476,-0.05386919144846147,-0.008537340088700995,-0.009110633140443358,-0.011422448580077349,-0.011628035660682823,0.03815107947045426,0.03804566675795451,-0.0012163766903594553,-0.0012163766903594553,-0.008241087372403033,-0.012106326180775229
2018-12-01,-0.08989,-0.092124,0.002,0.005347096573720345,0.0028837483738317626,-0.018338550093145667,-0.020499270895606103,-0.0351119598878733,-0.03513258784463957,-0.11097354238202228,-0.11260052889887628,-0.05590971928972421,-0.05590971928972421,-0.024195286813013195,-0.02575488397820591
2019-01-01,0.088294,0.087067,0.0021,0.03989876125987979,0.03704392350345409,0.04965010771501133,0.049157697766158526,0.056918000528638935,0.0547883553219477,0.013060747805434758,0.01292422006413041,0.0675573379536818,0.06745127309851551,0.026576956541601415,0.02558215403940789
2019-02-01,0.032724,0.030666,0.0018,0.05664491208793421,0.0481872227650082,0.042994025819508286,0.04296266761908529,0.027912803035051503,0.026663098961036136,0.03861786410988999,0.03810655368791194,0.05299031816855582,0.05299031816855582,0.0178191609564613,0.01150945669791792
2019-03-01,0.012962,0.01114,0.0019,0.008461853659418095,0.003610914317989211,0.014266436953567663,0.012684568303275467,0.006434264490846164,0.004224527586402349,0.012048016272222517,0.001371365944444758,0.013067520476938377,0.0063376435576987245,0.016720305625882892,0.01203731351530335
2019-04-01,0.037893,0.0367,0.0021,0.01986172340863468,0.01948699009973298,0.054278528206231025,0.0492654422389176,0.07235275937048269,0.06887729489791705,0.0175961899999999,0.017526360299999988,0.05142725157991346,0.03854488817903623,0.03519834205208405,0.028930364361685612
2019-05-01,-0.061679,-0.063898,0.0021,0.04330237608822163,0.036683997601353324,-0.04249023561848575,-0.05812421694341652,-0.047856147132564586,-0.06594679749244658,-0.07146640791208803,-0.07158908681318688,-0.018484637718718444,-0.025681095100869245,-0.017193288484714464,-0.022528317862310576
2019-06-01,0.067279,0.065283,0.0018,0.03412023209868997,0.03183191149049813,0.04527187680900413,0.041359381583426336,0.03540766225529901,0.03404340349498014,0.003136325100000059,0.0016024762634410106,0.008549607466238562,0.008324881498587233,0.04637695147384613,0.04347822361905318
2019-07-01,0.011854,0.010702,0.0019,0.026638015474921284,0.026498974233476913,0.005705694780572701,0.003805168722236907,-0.005381137089911725,-0.0056772502595665575,0.022121844669565238,0.021976889208695782,0.008277074700000053,0.008227116900000109,0.03641251377176813,0.03518944910139643
2019-08-01,-0.020339,-0.022372,0.0016,0.008656545498450186,0.0018254573750553504,0.0024615462905022145,0.002439852617665439,-0.0052460922657920905,-0.005402015728187659,-0.052076223617021244,-0.05255445919148938,-0.012348194690448344,-0.012659534796535588,-0.01041620448042746,-0.019413714619572198
2019-09-01,0.016033,0.014169,0.0018,0.015555647895818092,0.009224204610785103,0.039428160683371294,0.03846381216421757,0.04237301001256011,0.04210561777153754,0.06857377784731189,0.05882572556344079,0.020332433651589765,0.019532106245824687,0.013729118967741982,0.01250924819662047
2019-10-01,0.019257,0.018086,0.0016,-0.002614657825095623,-0.0032636166512209908,0.01747586089362474,0.017452912248969055,0.036135890525673675,0.036135890525673675,0.05981114021195655,0.05971811291847828,0.008197269021251508,0.008116537090764986,-0.03260803252571698,-0.03556228173832654
2019-11-01,0.034999,0.032986,0.0012,0.02138785487763295,0.016496164834510108,0.0314513782995387,0.030654976656700583,0.03324611681543743,0.033206099883684725,0.0208499954000001,0.02073929419999998,0.023874246810365207,0.023874246810365207,0.0047960941305884575,0.00012907942437911935
2019-12-01,0.028489,0.026242,0.0014,-0.028354876751560898,-0.03037377836547117,0.008287236624293648,0.004802416332616355,0.0014101197777756092,0.0012375448998112049,0.012982848100000055,0.011346305000000001,0.0013303327316105396,0.0013303327316105396,0.017152622280906193,0.015703863509619387
2020-01-01,-0.001728,-0.002849,0.0013,0.0520498515789809,0.052010897355918795,-0.016585295920886534,-0.016967888711299284,-0.011322813916561425,-0.011323096323121229,-0.02061373700000002,-0.02074342600000001,-0.013097806967316328,-0.013187727982251762,-0.026492240872208694,-0.027642441334506107
2020-02-01,-0.077918,-0.079868,0.0012,-0.05399009056887727,-0.05935793953826507,-0.05741207792612979,-0.057428506749885644,-0.0635914648723308,-0.06615694389331883,-0.09035964079120873,-0.09096133393406591,-0.06813354613285838,-0.06813354613285838,-0.08152019413973577,-0.08526431740878548
2020-03-01,-0.141733,-0.143685,0.0013,-0.1597237415168865,-0.16554702079382433,-0.17052502183731666,-0.17217485769092877,-0.15752933433134164,-0.15758740483460065,-0.07978215502150532,-0.09038061777419337,-0.08372708769646964,-0.09173782788795082,-0.10960191323219359,-0.11244563552421394
2020-04-01,0.129674,0.128408,0.0,0.08096659205906209,0.08080434461869457,0.0684726977658725,0.06735264728641344,0.11891930900772696,0.11561898825730865,0.043819426500000036,0.04373937019999996,0.05726315839045415,0.04329739263399324,0.045478794269710354,0.04296135191635275
2020-05-01,0.053739,0.051688,0.0001,0.016487444906306603,0.015310444222679243,0.03826695798893387,0.03324675281400946,0.06422380186842402,0.05542558740878323,0.06878917089999992,0.06861596240000001,0.0309057901708083,0.026726766726264728,0.04093400768411626,0.03772659033685555
2020-06-01,0.025299,0.023522,0.0001,-0.03303326774439774,-0.03475805088098294,0.009366812642410682,0.006534885605391505,0.005688048358770903,0.0004800643572164809,-0.00031594099999998626,-0.001605237000000037,0.0007146825430937032,0.0006466019998290218,-0.0043706983418349,-0.005584512702611177
2020-07-01,0.055531,0.054411,0.0001,-0.010169652931377726,-0.01030031107363627,-0.04285637219742355,-0.04730756021953353,-0.0229796583283427,-0.024908702941852434,-0.04797494653191503,-0.04812172130851067,-0.015503393341690153,-0.016399338690095244,-0.04830459936075904,-0.05036142988733172
2020-08-01,0.068442,0.066798,0.0001,0.01496154933666527,0.00907256558656111,0.0041163064023668205,0.004106108095680794,0.01879299281927138,0.017172851180796256,0.07856728480000008,0.07808350819999998,-0.000663773937852441,-0.0009906993276613818,-0.011984654145598461,-0.018039645468545973
2020-09-01,-0.035056,-0.036515,0.0001,-0.03607727732848842,-0.03994578089244194,-0.015244827661858196,-0.01669880887254971,-0.005378133059227741,-0.011220277847518001,0.005754740880000053,-0.002097508947368265,0.009333843845379608,0.008542805766148298,0.0012701804318377974,0.0006032384044953876
2020-10-01,-0.020178,-0.021218,0.0001,0.03612156013739676,0.03441805247611307,-0.03159842242564581,-0.03160413967284159,-0.07850179308506122,-0.07943846925135956,-0.027026050999999995,-0.027096785000000012,-0.0557863781879564,-0.05581543144434331,-0.037661250025423865,-0.03947284154491537
2020-11-01,0.123707,0.122019,0.0001,0.07752077161676763,0.07519578216015121,0.17153512068939625,0.1713548588315914,0.1278608654964315,0.12719451120351755,0.0934062897083332,0.09329718774999995,0.08833722209565487,0.08721841686872578,0.10447148650295524,0.1016419437693592
2020-12-01,0.045048,0.043244,0.0001,-0.01772537293441334,-0.01914739246309094,-0.012353015163609427,-0.013914875216863853,0.011440728407248635,0.010992042017159864,0.030442287699999904,0.028982116399999924,-0.002591259370389176,-0.0028648852806769654,0.01921198082224218,0.01728631618898313
2021-01-01,-0.000631,-0.001611,0.0001,-0.01875410433714708,-0.018819398471084492,-0.027783212729840634,-0.028697866042371456,-0.0007181432548529765,-0.0007184400109704336,0.002985701400000096,0.002860992800000073,-0.011177782936170111,-0.011255158955319144,-0.021418986602155354,-0.02197778821552676
2021-02-01,0.029196,0.027888,0.0,0.010111475850070883,0.0057353332261316226,0.058902761907739354,0.058901350975574474,0.02830079409330244,0.02574814291119565,0.04018996503578953,0.03973608946526319,0.012492400941007453,0.012492400941007453,0.00020001184841000885,-0.005574981984444949
2021-03-01,0.030573,0.029086,0.0,0.026730228129973943,0.01936230998643329,0.07803927013565803,0.0769819214476728,0.09000422374145534,0.0898958007570998,0.08783704065217379,0.07786313759239127,0.1064135891179172,0.09758753349686655,0.048893345415068845,0.043234630432676724
2021-04-01,0.04819,0.047301,0.0,0.03827415037164017,0.03799912843435904,0.0443618147697451,0.0408393721616882,0.009130257635470151,0.002329943648073707,-0.027183286999999945,-0.02724200099999996,0.007585229388274328,-0.004600952282217907,0.0443071093035321,0.040822547177486346
2021-05-01,0.007092,0.005786,0.0,0.014393139953651879,0.010698805579427928,0.01973937993940389,0.009775773547505473,0.009992277493784174,0.00087073856417752,0.01140836529999989,0.01110892369999994,0.01145837665773608,0.008045577839754348,-0.004054594714321125,-0.00693057751835402
2021-06-01,0.023422,0.022021,0.0,0.04073309765889044,0.0352986426715165,0.02262214096014259,0.019762572129266243,0.024133051340421652,0.022838146400016468,0.02612457883076935,0.024844430171428566,0.04334528319798481,0.04302864618253466,0.0035745360801424653,0.0015831026652406432
2021-07-01,0.011828,0.010952,0.0,0.03998573126660365,0.03980165223415133,0.034524887167853846,0.03371510878930706,0.026000890068860638,0.024914097584028516,-0.02312629899999996,-0.023254736000000054,0.03125155294576132,0.031124969807852843,0.023912298514991326,0.021658346838970166
2021-08-01,0.027146,0.025841,0.0,0.04301008164549569,0.038132635332420506,0.008494141985221138,0.008438582079714374,0.027717874213104343,0.027688402482068275,0.03141622480000006,0.031001748200000012,0.019813027269733885,0.019579960584469314,0.02285095070209442,0.01368767617447264
2021-09-01,-0.042243,-0.043531,0.0,-0.014303217077680341,-0.023593964013129076,-0.02725256417620059,-0.028683758431789275,-0.03474783112316193,-0.035856848619379544,0.042238311500000014,0.03233388529999992,-0.04783596742373364,-0.04851054976635616,-0.01120014166654526,-0.013120153165380177
2021-10-01,0.064651,0.06376,0.0,-0.009864553001834864,-0.010222225124662754,0.07408755973271575,0.07404430520310368,0.03349302146663824,0.03342017867198277,0.020360736022727144,0.02029846410227254,0.03550438842043735,0.035471920616451325,0.01411886657981154,0.013267980002744206
2021-11-01,-0.01835,-0.019707,0.0,0.009269093941152606,0.004770963448747834,0.013381235038542494,0.011908104134548125,-0.014076570567624236,-0.01430521331464596,-0.03644856399999996,-0.036549703000000044,-0.01139898795854044,-0.01139898795854044,-0.000438713064473073,-0.0030160479351556413
2021-12-01,0.033341,0.031573,0.0001,0.04953594059858846,0.047777103521216,0.055771600066400806,0.055279059721369705,0.0490282071520749,0.041596557427059144,0.030359822299999895,0.028797602300000058,0.05955563306592371,0.05955563306592371,0.05397663995084567,0.05121759883647292
2022-01-01,-0.059822,-0.060568,0.0,-0.0671078322987465,-0.06715256101392753,-0.03903121736096127,-0.039756336734116604,-0.03627238133180155,-0.03627238133180155,-0.03979055503448259,-0.039922551999999834,-0.06131971852463236,-0.06139967551930148,-0.024219305916414413,-0.02485118516739193
2022-02-01,-0.021838,-0.023121,0.0,0.01765569604268369,0.007508891298646958,-0.0510849364930831,-0.0512652486416425,-0.06102427996087767,-0.06328656710758673,-0.005299245000000008,-0.005779937000000013,-0.014327825634400604,-0.014327825634400604,-0.007882716305760873,-0.011220478882939644
2022-03-01,0.030506,0.02894,0.0001,0.04101205397752894,0.03633172634248716,0.034999362945466794,0.034171358279744046,0.01785308703484878,0.017691950597876316,0.08019749922857122,0.0680801086749998,0.026561194966189694,0.019277641223252928,0.043542985406136436,0.036286136547236
2022-04-01,-0.089387,-0.090295,0.0001,-0.0016467410885390166,-0.00186491696034774,0.0017888935590115729,-0.0037870335792833387,0.00030536467703434766,-0.003465518069980522,0.0394725139240506,0.03940952349367066,0.021061355487431266,0.00987974814212822,0.018407723899605655,0.0143650275518441
2022-05-01,-0.002113,-0.00374,0.0003,0.008870873016332936,-0.007050001900866243,0.017544378269329197,0.003798951654301108,0.04075591814600177,0.015380747049966947,0.016500908608974463,0.016363883108974298,-6.099475274512489e-05,-0.004198084712549011,0.04309816359558605,0.03866212764688859
2022-06-01,-0.083998,-0.085822,0.0006,-0.09190529551800719,-0.093449200895516,-0.06911843699999998,-0.07159269400000001,-0.11936208400000003,-0.12055996199999996,0.022583525599999987,0.02099620376,-0.08756856664402835,-0.08787721387406622,-0.04506350014350635,-0.047600680515259675
2022-07-01,0.090351,0.089287,0.0008,0.09149511392211185,0.09075214731950121,0.1478662945997542,0.14647901138802122,0.0954854197386803,0.09472913701293284,0.06717676208904089,0.06702445424657522,0.04918162848575869,0.049090779500058135,0.06955631343155089,0.06009325513973485
2022-08-01,-0.036233,-0.037918,0.0019,-0.0008423866135326419,-0.0057783508618876045,-0.04385238200493635,-0.04389856915865342,-0.05210792867054992,-0.05244266959028532,-0.0015884641540542255,-0.0020281125729730842,-0.043942068474102425,-0.04419364979530882,-0.022050139181507,-0.03088774924634885
2022-09-01,-0.091323,-0.09303,0.0019,-0.021355086508769383,-0.03387551404557043,-0.04010075941438551,-0.04103228463077102,-0.0618909039407014,-0.0623411834734825,0.0012140176285715398,-0.008397660542857177,-0.05586539501362675,-0.05705852022678626,-0.006712967769964773,-0.00853905735167848
2022-10-01,0.077394,0.076265,0.0023,0.10310633106351652,0.10243766573483515,0.07407417403408112,0.07404992233804952,0.08249077864047516,0.08245267135844925,0.08056178001470582,0.08049360413235274,0.06695013793813542,0.06691901439301562,0.029276886260148238,0.028124258527002954
2022-11-01,0.052354,0.050479,0.0029,0.02842552932640996,0.024294699828532496,0.04737741457824729,0.04676974279080648,0.0504349845452805,0.050412334246143775,-0.004253505405714342,-0.004369693897142923,0.013814118839635237,0.013814118839635237,0.033262502353338386,0.02977435630660863
2022-12-01,-0.057119,-0.059152,0.0033,-0.055089503893301806,-0.05692557595435688,-0.07405491095307315,-0.0766740538268339,-0.07164032597488423,-0.07470775902709825,-0.0974184004054055,-0.09908078783783791,-0.06534621199478297,-0.06541337172796724,-0.051523792761083764,-0.052921779214532005
2023-01-01,0.071823,0.070884,0.0035,0.030849633982573677,0.030655701119712386,0.07991779372019114,0.0789038285585042,0.07665332911209966,0.07665332911209966,2.2491155844184263e-05,-0.0001235227610388856,0.05033759608189614,0.050250720218297795,0.03812990380779602,0.03749044445158134
2023-02-01,-0.024666,-0.026252,0.0034,-0.01588135551428993,-0.021077679888292455,0.022868206211026143,0.022652775068594755,0.021811341912194138,0.01893521921185748,0.03652349046400016,0.03599156029600015,-0.013086298839922073,-0.013086298839922073,0.03293122024662365,0.028779024880238646
2023-03-01,0.02395,0.022043,0.0036,0.028457504582834137,0.018453899977231902,0.01287823206077876,0.011943117558696592,0.013120591844851148,0.012945239809653675,0.0164927386,0.004608584899999935,0.025323176833965677,0.01820724302099941,-0.03390233595551162,-0.040102817744933295
2023-04-01,0.008976,0.007865,0.0035,0.015229419146949752,0.014688105649043104,0.009088074743696328,0.0036733585082557862,-0.007950088248531273,-0.012174439716995167,0.027465000000000073,0.02739760449999995,0.0011049301888139684,-0.007384077959523783,0.005491413743307305,0.0014240550829021092
2023-05-01,0.000708,-0.001057,0.0036,-0.022296023199157022,-0.02621386930483216,-0.031558394802981504,-0.043479868895003215,-0.013187739157449196,-0.03854233170773902,0.06006164061643826,0.059914496267123196,-0.023783139097845685,-0.027859916225314252,-0.04989360014979183,-0.05368646481416217
2023-06-01,0.066183,0.064342,0.004,0.008285111503753884,0.006521514939937356,0.04170293530671576,0.03914437383978786,0.03037872011608833,0.02806729207349634,0.10566904294647883,0.10414746754929571,0.00935089988276605,0.00899954251737789,-0.006523548623014186,-0.009154030344088016
2023-07-01,0.035618,0.034672,0.0045,0.024296457915247816,0.02404710093147444,-0.012934354614620114,-0.01416078586753411,0.0009586598337398833,0.0005623318225354001,0.01468682879999994,0.014551573000000095,-0.028147477911200425,-0.02822317706209021,0.004551375709625383,0.0029368940318079684
2023-08-01,-0.020608,-0.022266,0.0045,0.03238079745297573,0.025336970815294624,-0.01718914907479374,-0.017215935069477606,-0.02009012626461959,-0.020239964923739695,0.0337288867710146,0.03329082778115966,-0.017539909039873347,-0.017833782528016817,-0.0073344453386589015,-0.015393456186998278
2023-09-01,-0.04739,-0.04886,0.0043,-0.016445367545213974,-0.024171504878132244,-0.018465383792166556,-0.0192211149531486,-0.01402969695464773,-0.014176787717391393,0.01957805241323518,0.01088743351470578,0.009465412636200154,0.008074114317020653,0.048967506200920496,0.04741099533942328
2023-10-01,-0.028865,-0.029857,0.0047,-0.026331545186702332,-0.02742556365605786,-0.026742015904590577,-0.02683154251964026,-0.03562177648764786,-0.03565012976431603,-0.01491279140298496,-0.014981678447761104,-0.04785207701951577,-0.054712995150343446,-0.025632995423490845,-0.026630313193018562
2023-11-01,0.092053,0.090037,0.0044,0.022576612934910756,0.018173178245420862,0.033302332726592,0.03277335814668625,0.054148295841112803,0.05412682923370893,0.05424595700000001,0.05413067090000001,0.028558426252790925,0.028558426252790925,0.006923329278965884,0.0021967367214763556
2023-12-01,0.053604,0.051476,0.0043,0.042336473403914665,0.04085128372544444,0.027815597938940284,0.02584370581516171,0.018712037712521834,0.01856264050287848,-0.03194264934782609,-0.03360594668115946,-0.007866222509789855,-0.007943043484225698,0.025892584961634046,0.02463546760334201
2024-01-01,0.007561,0.006743,0.0047,0.02079242929751368,0.020503389530696303,0.01919818608952184,0.01829390405741793,0.004613666435094865,0.004527400056922648,0.08910629723529406,0.08897717185294107,0.005371731821288694,0.0052693018202321085,-0.015316851663412345,-0.016339843399181153
2024-02-01,0.050583,0.049052,0.0042,0.029421009420607103,0.0232050314896044,0.04583297971549172,0.04409082955025512,0.041710952568980275,0.039236978127527466,0.06431450601194033,0.06386353681194046,0.03744616765441644,0.03744616765441644,0.011028224815898824,0.006560283930340471
2024-03-01,0.03245,0.030938,0.0043,0.023337425554803337,0.016805290100274428,0.016739617241103844,0.015829455267516,0.0314909535656025,0.031374488258647526,0.042824680300000084,0.032797474999999965,0.04625385276950422,0.03887692243761309,0.040031887762840945,0.03396258452851386
2024-04-01,-0.042724,-0.043636,0.0047,-0.021016846791147792,-0.021469093808206385,-0.0053412581685937655,-0.011342099241887338,-0.00822507707478548,-0.014151789491794076,0.015907977261538475,0.015857468538461372,0.004303435316833637,-0.00046381233230208263,0.042667220068019374,0.03899505300573636
2024-05-01,0.046553,0.044979,0.0044,-0.009004354429444694,-0.013686596989028077,0.0071955203270304136,-0.0058786234400369786,0.021678294231563422,0.0031760539188527837,0.02102595887500014,0.020840433843750006,0.05240546189949091,0.048369161882951595,0.016847673398908025,0.010782423952295117
2024-06-01,0.026073,0.02438,0.0041,0.0066139689995181605,0.005023685504546904,-0.05770121275109186,-0.06024766930131009,-0.006515055240174705,-0.008611552445414894,0.03120742267936505,0.029890276571428398,-0.02273764869753314,-0.023011777929924815,-0.022790049959421244,-0.02556868012551128
2024-07-01,0.019878,0.019,0.0045,0.033240882667376015,0.03306616522068029,-0.005109444729233914,-0.006289328706481023,-0.004033803091039068,-0.004339441828782098,-0.004150419999999988,-0.004275279999999992,0.008229645033687172,0.008146117211377923,0.021067418509743696,0.020254868579829166
2024-08-01,0.021572,0.020203,0.0048,0.00733978016016823,0.002889117473385383,0.0017929519582666753,0.001434633321742318,0.0016045391745462823,0.001481661858421024,-0.0961394243235294,-0.09651451335294114,-0.03330201175596248,-0.033517198991163344,0.002582658117265435,-0.004345150438007095
2024-09-01,0.020969,0.019485,0.004,0.01652844799355968,0.008232198412466474,0.0011088013197044777,0.0003643140770892561,0.018566801335374583,0.018563804975143983,-0.042409078857142846,-0.050981435714285706,-0.02389366961978978,-0.024809964132158524,-0.03752660759512827,-0.03921609412323179
2024-10-01,-0.008298,-0.009139,0.0039,-0.001559679550746207,-0.0019283252492536818,-0.03315804616429552,-0.03340316887526373,-0.0017818000124827371,-0.0018322719985313096,0.06251094108955235,0.06243070667164208,-0.01511652800792429,-0.015135220216365375,-0.0038409308026526867,-0.0050182478001226105
2024-11-01,0.064855,0.063463,0.004,0.062632354767157,0.058882831755514786,0.004212923434233851,0.003913930003295318,0.04613024898342899,0.046108235051737,0.02324043973846135,0.023133712861538314,0.022759824090909264,0.022759824090909264,0.05068076666899035,0.04644219940353267
2024-12-01,-0.031582,-0.033469,0.0037,-0.00017645567919144511,-0.001577184737606263,0.049962308826413615,0.045087372567752304,0.02131411158623986,0.02092624629746953,0.041278797399999956,0.03966503379999997,0.001022529977175335,0.0009454414358058827,-0.0042677299248833345,-0.005491482386336677
