date,australia_ret_without_div_aud,france_ret_without_div_eur,germany_ret_without_div_eur,japan_ret_without_div_jpy,switzerland_ret_without_div_chf,uk_ret_without_div_gbp,us_ret_without_div_usd
2002-05-01,-0.015424472,-0.045754629,-0.047092776,0.0205737687,-0.007961228,-0.015411031,-0.050504
2002-06-01,-0.001751575,-0.035486643,-0.033068468,0.0359202084,-0.00063874,-0.013937203,-0.011958
2002-07-01,-0.031932876,-0.086672698,-0.072463039,-0.083960509,-0.082069724,-0.084101907,-0.071515
2002-08-01,-0.041947913,-0.105257961,-0.11295154,-0.057960433,-0.135335335,-0.091391942,-0.08231
2002-09-01,0.012460989,-0.004629202,-0.003387543,-0.024591272,0.0010024834,-0.002916281,0.006405
2002-10-01,-0.04692225,-0.148650901,-0.205151895,-0.024736561,-0.089811171,-0.116380412,-0.101387
2002-11-01,0.0093939529,0.1102100773,0.1037245989,-0.061198213,0.0303685852,0.0729015466,0.073522
2002-12-01,-0.010748586,0.0461705176,0.027600712,0.0338316906,0.0379362198,0.0294417025,0.059612
2003-01-01,-0.01869581,-0.064980283,-0.096118004,-0.053596525,-0.08589302,-0.052256132,-0.054977
2003-02-01,-0.014101981,-0.04094801,-0.034838,-0.025866206,-0.050124041,-0.08925244,-0.024576
2003-03-01,-0.056321638,-0.052398274,-0.053516935,-0.003279315,-0.052910212,0.0222961167,-0.017243
2003-04-01,0.0194899874,-0.044007004,-0.037288953,-0.037004567,-0.013418893,-0.01172649,0.008901
2003-05-01,0.0448148024,0.1092670526,0.1602448919,0.015174446,0.1097605174,0.087255493,0.08118
2003-06-01,0.0025919443,0.0211007183,0.013427391,0.0494444061,0.0050413537,0.0399601099,0.061778
2003-07-01,0.0120014663,0.02771287,0.0608761067,0.0772253279,0.0354854981,0.0014360056,0.014797
2003-08-01,0.0351104391,0.0360353175,0.060615358,0.0407373924,0.0477964827,0.0335835495,0.021764
2003-09-01,0.0249028713,0.0340563448,0.0097280027,0.0641653193,0.0201782894,0.0066484554,0.023486
2003-10-01,-0.000917019,-0.039914859,-0.045329555,0.02172405,-0.015569995,-0.015236919,-0.010607
2003-11-01,0.0335724338,0.0667555212,0.0943712127,0.0262078493,0.0419813535,0.0454914631,0.058882
2003-12-01,-0.021342355,0.0133562068,0.01617917,-0.039173084,0.0177891917,0.0113950387,0.015052
2004-01-01,0.029968726,0.0327539322,0.0344157921,0.042103882,0.0263858786,0.0274900466,0.04382
2004-02-01,-0.006895505,0.0288081671,0.0353526429,0.0054737256,0.0489080901,-0.011148987,0.022019
2004-03-01,0.025792538,0.0266597794,-0.002538369,0.031655123,0.0118732119,0.025020792,0.013958
2004-04-01,0.0144008607,-0.019190643,-0.030879065,0.0899798516,-0.024608723,-0.020419721,-0.011985
2004-05-01,-0.010069729,0.008063883,0.021110904,0.0279086623,0.0200252916,0.0223415119,-0.025568
2004-06-01,0.0096515637,-0.002652311,-0.019170902,-0.039711009,-0.023964913,-0.015948332,0.012384
2004-07-01,0.0261635664,0.0193375798,0.0257188017,0.0464999386,0.0064241629,0.0111321016,0.020049
2004-08-01,0.0080965629,-0.018942011,-0.031201967,-0.044950454,-0.021678412,-0.01650997,-0.038792
2004-09-01,0.0140422868,-0.008716104,-0.026059985,-0.009221693,-0.01710073,0.0089969882,0.001058
2004-10-01,0.0318170434,0.0140081208,0.0231427395,-0.027063586,0.0070604859,0.0239797877,0.019099
2004-11-01,0.0361806733,0.0167739552,0.0128427934,-0.015954113,-0.01259728,0.0124537349,0.016579
2004-12-01,0.0405898111,0.0139157898,0.0407628645,0.0127991806,0.0194465937,0.0182838629,0.04432
2005-01-01,0.0261909312,0.0213340956,0.0271484947,0.047374076,0.0389182564,0.0267730491,0.033414
2005-02-01,0.0195023437,0.0279789953,0.0061887546,-0.001275401,0.0240910112,0.0114203097,-0.027399
2005-03-01,0.0170804399,0.0341717065,0.0253102912,0.0252988238,0.0349054293,0.0206384831,0.02081
2005-04-01,-0.016747863,0.0076109321,-0.00323137,0.0044108653,-0.007480121,-0.014784254,-0.018578
2005-05-01,-0.033722353,-0.029647046,-0.040589583,-0.04180676,-0.023518931,-0.021686055,-0.02659
2005-06-01,0.0251491379,0.0488031861,0.0485004839,0.0115992402,0.0337859156,0.0335745673,0.036151
2005-07-01,0.0398722427,0.0272159751,0.0277490712,0.0298456533,0.0209315126,0.028852347,0.009905
2005-08-01,0.004042325,0.0501075269,0.0618572065,0.0163164166,0.0526201459,0.0328892048,0.042251
2005-09-01,0.0126573083,-0.015515764,-0.00852627,0.0528554499,-0.009615645,0.0021483027,-0.007776
2005-10-01,0.0418436168,0.0421553255,0.0352175477,0.1178814304,0.0598218164,0.029553007,0.009331
2005-11-01,-0.036343825,-0.038478469,-0.024276323,0.0241181132,0.0047460508,-0.024585282,-0.021974
2005-12-01,0.0308539007,0.0289707457,0.0408900211,0.0628381324,0.0494688631,0.0258665997,0.038073
2006-01-01,0.0250891766,0.0322934489,0.0371104564,0.0781934284,0.0289943693,0.0397632937,0.001884
2006-02-01,0.0360233428,0.0458884319,0.0542064164,0.0326420356,0.0343807283,0.0200504992,0.038966
2006-03-01,0.0012262866,0.0135318875,0.032504724,-0.033309455,0.0216348385,0.0177179422,-0.003552
2006-04-01,0.0379492808,0.0420246364,0.031290297,0.0413685305,0.023040474,0.0271935227,0.017598
2006-05-01,0.0271130099,0.0012197878,0.004097048,-0.009558808,0.0091968569,0.0037352113,0.01153
2006-06-01,-0.046275556,-0.055350779,-0.064072451,-0.079004626,-0.059431051,-0.049965894,-0.03301
2006-07-01,0.012340144,0.0054220929,-0.008152738,0.0020063475,-0.004374466,0.016532627,-0.001887
2006-08-01,-0.013681965,0.0090886005,0.0027507535,-0.015336401,0.0277649083,0.0064637012,-0.002955
2006-09-01,0.0253775127,0.0322281279,0.0270800274,0.0410317863,0.0288594452,0.0008011733,0.022968
2006-10-01,0.0075220509,0.0166308767,0.0314055418,-0.014031116,0.0419389465,0.0157138258,0.01811
2006-11-01,0.0434312279,0.0212824789,0.0358578535,0.005901239,0.0231209601,0.0265937694,0.036107
2006-12-01,0.0199322206,0.0021581247,0.0055075539,-0.008769941,-0.003701535,-0.006183729,0.021374
2007-01-01,0.0356548968,0.0441984217,0.0476478579,0.047237323,0.0467568258,0.0331686354,0.009154
2007-02-01,0.019094088,0.0107741453,0.032574907,0.0242530561,0.0416287117,-0.002499405,0.018452
2007-03-01,0.0107949517,-0.01056922,-0.007007565,0.0158687873,-0.033363649,-0.004090062,-0.015996
2007-04-01,0.0294403575,0.0318566634,0.0332431076,-0.02132216,0.0292854831,0.0241544519,0.011479
2007-05-01,0.0299587658,0.0453425393,0.0468160666,-0.009655095,0.0486618209,0.0208051785,0.03847
2007-06-01,0.0261622565,0.0288625455,0.0351759972,0.0277068331,0.0080070013,0.0218908377,0.036666
2007-07-01,-0.007796736,-0.001552313,0.0056684976,0.0101560815,-0.022960822,-0.014857856,-0.01611
2007-08-01,-0.017708137,-0.047039146,-0.039173584,-0.040045642,-0.03549585,-0.036612691,-0.032792
2007-09-01,0.0053771951,-0.017796899,-0.004265648,-0.055116004,-0.006946503,-0.008199599,0.009641
2007-10-01,0.0498640445,0.0029250032,0.0206400151,0.0041873875,0.0037943136,0.0117538873,0.039306
2007-11-01,0.0321296494,0.0278918853,0.0259855836,0.0077803616,0.0213782256,0.0416736167,0.02477
2007-12-01,-0.039879516,-0.031245311,-0.023710015,-0.05456406,-0.038902763,-0.045593474,-0.051309
2008-01-01,-0.029944631,-0.011868848,0.0139558846,-0.033559291,-0.024548417,-0.001145546,-0.006493
2008-02-01,-0.114225696,-0.136817575,-0.127586905,-0.09271393,-0.107983865,-0.089604595,-0.063321
2008-03-01,-0.009007454,-0.018972507,-0.003262021,-0.01412672,-0.016410806,0.0029858528,-0.023636
2008-04-01,-0.046668502,-0.018952486,-0.026710577,-0.079996488,-0.036976052,-0.026033991,-0.012186
2008-05-01,0.0474302498,0.064129715,0.0438529549,0.1065066224,0.0567073493,0.0464570824,0.049876
2008-06-01,0.0228682,0.0034165139,0.0058966779,0.0376403848,0.0061376815,-0.012491802,0.021621
2008-07-01,-0.07952744,-0.115187376,-0.083417869,-0.060874517,-0.089091957,-0.076229813,-0.080249
2008-08-01,-0.052128284,-0.025287422,-0.008786389,-0.013188842,0.0083430959,-0.035704243,-0.014759
2008-09-01,0.0330361637,0.0260969508,-0.004079433,-0.034428646,0.0233113787,0.04469893,0.008608
2008-10-01,-0.100975913,-0.094972662,-0.086311318,-0.13274365,-0.088881925,-0.12484841,-0.099959
2008-11-01,-0.143113952,-0.129192199,-0.232727563,-0.198577464,-0.122528521,-0.117918514,-0.186319
2008-12-01,-0.069629992,-0.057797551,-0.046800848,-0.029319528,-0.054547827,-0.030001544,-0.08742
2009-01-01,0.0010902106,-0.009746165,0.0402109019,0.0302745373,-0.040513645,0.0333270936,0.019166
2009-02-01,-0.050458955,-0.066870034,-0.095151362,-0.077561607,-0.046438551,-0.058557073,-0.078863
2009-03-01,-0.05881935,-0.093645848,-0.098879844,-0.044646712,-0.101533498,-0.068432042,-0.103353
2009-04-01,0.0687278892,0.0339764448,0.039946088,0.018802025,0.0203359164,0.0130651905,0.083548
2009-05-01,0.0603411076,0.1267989907,0.1423765602,0.0763478373,0.101211271,0.0896194471,0.107632
2009-06-01,0.0152509177,0.0302175553,0.0206972198,0.0709189731,0.0293130733,0.0359514027,0.065137
2009-07-01,0.0374580945,-0.034403759,-0.023212757,0.0389756266,0.0078009217,-0.029688393,-0.004962
2009-08-01,0.0758436809,0.0776075428,0.0843707574,0.0237399555,0.0822736758,0.0854876709,0.08036
2009-09-01,0.058970844,0.0749889603,-0.001455734,0.0161079333,0.0490526334,0.0749759375,0.029351
2009-10-01,0.0585491134,0.0497075532,0.0333366557,-0.049738478,0.0279862418,0.040108193,0.043643
2009-11-01,-0.022378161,-0.037788548,-0.038509544,-0.019281959,-0.019072307,-0.020591914,-0.029326
2009-12-01,0.0115372452,0.0067929319,0.0306715009,-0.061168458,-0.001930902,0.0162559677,0.054619
2010-01-01,0.033997366,0.0540384233,0.0483072994,0.0796077664,0.0393923415,0.040661148,0.026449
2010-02-01,-0.054992819,-0.032811708,-0.043016293,-0.006983286,-0.010759863,-0.031147221,-0.038184
2010-03-01,0.010259653,-0.010379423,-0.005433978,-0.007577333,0.0334806961,0.027956004,0.032657
2010-04-01,0.0486100213,0.0687633371,0.0859758545,0.0916766043,0.0388037174,0.0584444338,0.061985
2010-05-01,-0.012101559,-0.022636589,-0.003891181,0.0095519487,-0.03097072,-0.011945827,0.018924
2010-06-01,-0.081138972,-0.071902612,-0.042825854,-0.104899825,-0.04374968,-0.068660996,-0.081328
2010-07-01,-0.030019002,-0.019194289,0.0024919054,-0.037485732,-0.020818093,-0.04599878,-0.05252
2010-08-01,0.0409247205,0.0510092631,0.0300257866,0.0077238394,0.0261748163,0.0710266742,0.068664
2010-09-01,-0.017254234,-0.034465424,-0.029223075,-0.051566429,-0.008257891,-0.006911214,-0.044989
2010-10-01,0.0436714069,0.0652472523,0.055473501,0.0301248061,0.0293369167,0.0596895276,0.089747
2010-11-01,0.0188306501,0.0334805038,0.0547546414,-0.023954289,0.0229085173,0.0175530819,0.037071
2010-12-01,-0.012625109,-0.051209129,0.0063375646,0.0610631751,-0.016730284,-0.028561117,0.002917
2011-01-01,0.0321364395,0.0483946542,0.0417311289,0.043265473,0.0271627261,0.0661982912,0.06485
2011-02-01,0.0023797747,0.0382821535,0.0144201939,0.0137732052,0.0006534235,-0.004443245,0.018231
2011-03-01,0.0144404875,0.025905954,0.0220135197,0.0439269147,0.0205384317,0.0195356738,0.036223
2011-04-01,0.0009449531,-0.026012028,-0.018239335,-0.081199248,-0.024818281,-0.018222496,0.001758
2011-05-01,-0.006179795,0.0288918718,0.0459488734,-0.016009067,0.0207702376,0.027811871,0.027483
2011-06-01,-0.026906979,-0.013541133,-0.036139383,-0.012389365,-0.010915959,-0.007726911,-0.016956
2011-07-01,-0.02873976,-0.008256518,0.0069977395,0.0121423574,-0.056716251,-0.009463038,-0.020211
2011-08-01,-0.032894975,-0.061095275,-0.032986854,-0.008613873,-0.074994159,-0.022831372,-0.023674
2011-09-01,-0.028995652,-0.099946153,-0.16420982,-0.076950989,-0.054211307,-0.078602413,-0.059704
2011-10-01,-0.068465887,-0.084399742,-0.057188617,-0.008564316,-0.012394494,-0.045549996,-0.086672
2011-11-01,0.0703490282,0.0732946568,0.1002938346,0.0015050178,0.0439774684,0.0714209809,0.112735
2011-12-01,-0.039727001,-0.038179699,-0.011177339,-0.045559854,-0.01992295,-0.014151825,-0.008937
2012-01-01,-0.018885096,-0.006598901,-0.025197266,0.0031531302,0.0347688828,0.005016353,0.001428
2012-02-01,0.0503590568,0.051788951,0.0833589011,0.0315945233,0.0154315703,0.0273228834,0.05296
2012-03-01,0.0152628828,0.0445458343,0.0553462858,0.1007308631,0.0280968409,0.0374731162,0.038953
2012-04-01,0.0085193657,-0.003638776,0.0118216847,0.0247004936,0.0193907846,-0.008218336,0.022138
2012-05-01,0.0104007487,-0.052528631,-0.026744832,-0.05377409,-0.027171855,-0.009013211,-0.008046
2012-06-01,-0.072486791,-0.059589594,-0.079810151,-0.100479259,-0.039396982,-0.067392772,-0.068005
2012-07-01,0.0015271431,0.0485071695,0.0132545093,0.0663238641,0.0254131646,0.0472141942,0.036049
2012-08-01,0.0385929518,0.022752032,0.0471688746,-0.039089951,0.0459532484,0.0123569198,0.009055
2012-09-01,0.0118648193,0.0335650166,0.0197018089,-0.003654869,-0.001377759,0.0122202211,0.023718
2012-10-01,0.0141341046,-0.008845127,0.0247003448,0.0077609845,0.0187031028,0.0107870627,0.024564
2012-11-01,0.030008744,0.0199200665,0.0163134779,0.0051047305,0.0151231311,0.010058917,-0.015502
2012-12-01,-0.004513004,0.0362601137,0.0205390098,0.0499272396,0.0299205124,0.0171782472,0.002977
2013-01-01,0.0313143454,0.0161390536,0.021399509,0.0909510618,0.0016841249,0.0094792802,0.009019
2013-02-01,0.051027612,0.0297907115,0.0252566478,0.0953303047,0.0706330594,0.0611331738,0.052937
2013-03-01,0.0449637157,0.0068140165,0.0030890362,0.039216835,0.0262183586,0.0231499441,0.006079
2013-04-01,-0.024938169,0.0076305545,0.0042014607,0.065952611,0.0233632646,0.0102294103,0.033526
2013-05-01,0.0388925386,0.0272612786,0.0016034198,0.1233933146,0.0030954364,0.0062802381,0.013764
2013-06-01,-0.053745166,0.0246151338,0.0349854287,-0.025540521,0.0020120989,0.0220695316,0.016568
2013-07-01,-0.028395131,-0.050264033,-0.039846061,-0.003268775,-0.033551109,-0.049407843,-0.017089
2013-08-01,0.0552983111,0.0688190511,0.035548726,-7.9012e-05,0.0286160694,0.0654520545,0.051223
2013-09-01,0.0174446251,-0.013051426,-0.011199484,-0.023373774,-0.009846894,-0.025905055,-0.027927
2013-10-01,0.0173223735,0.056943341,0.0511334612,0.0818176695,0.0325532584,0.0109932725,0.035699
2013-11-01,0.0401258177,0.0353696895,0.0511855634,-0.001467127,0.0269881852,0.025698092,0.038603
2013-12-01,-0.021863489,0.0010551687,0.0358646559,0.0517576771,0.0045524208,-0.00999272,0.022831
2014-01-01,0.0039324972,0.0013924179,0.0117034258,0.0348515322,-0.001563437,0.0169999997,0.024082
2014-02-01,-0.027886934,-0.019379616,-0.022834508,-0.056979658,0.0015917733,-0.030959555,-0.031124
2014-03-01,0.0404303068,0.0608642762,0.0381127246,-0.006794616,0.0284862353,0.0453591042,0.043963
2014-04-01,-0.000529151,0.0039593854,-0.012174492,-0.008271797,0.0032438031,-0.031162207,0.002819
2014-05-01,0.0135666729,0.0164855843,-0.002734383,-0.031862471,0.0046431406,0.0113793363,0.00041
2014-06-01,0.0006572315,0.0092913656,0.0178312588,0.0339487434,0.0186086579,0.0148276634,0.018045
2014-07-01,-0.023433318,-0.022402705,-0.008732292,0.050584608,-0.014510983,-0.021980855,0.025986
2014-08-01,0.0443416831,-0.034212802,-0.041274244,0.0219078388,-0.024045491,-0.011024632,-0.021849
2014-09-01,0.0008550354,0.0202173414,0.0052177577,-0.008377817,0.0298755936,0.0151733424,0.038202
2014-10-01,-0.05812209,-0.000977694,-0.003180227,0.0349433519,0.0070900412,-0.025905041,-0.026893
2014-11-01,0.040156291,-0.030084325,-0.018392367,0.0048426927,-0.001591015,-0.007416511,0.019916
2014-12-01,-0.039634563,0.0431597421,0.0624741169,0.0548734437,0.0362584887,0.0258690272,0.018938
2015-01-01,0.0155937193,-0.018532609,-0.011129081,-0.000200741,-0.009012378,-0.016803162,-0.0058
2015-02-01,0.0318524292,0.074599131,0.0819093797,0.0079431147,-0.06453812,0.0250050365,-0.028233
2015-03-01,0.0598382438,0.070200127,0.0634309135,0.0725625567,0.0843255168,0.0292502924,0.053599
2015-04-01,-0.004638006,0.0129552348,0.0426704215,0.0139451416,0.0110832708,-0.021607445,-0.012211
2015-05-01,-0.015119101,0.0060949367,-0.036615071,0.0289132819,-0.006479533,0.0269264061,0.007618
2015-06-01,-0.005220883,-0.003116138,-0.013917656,0.048266334,0.0112988209,0.004001695,0.008115
2015-07-01,-0.05423459,-0.046533975,-0.036913214,-0.022209163,-0.047016231,-0.052376022,-0.021171
2015-08-01,0.0417510074,0.0572994802,0.0335708594,0.0208592819,0.0672570508,0.0217529134,0.010895
2015-09-01,-0.081147259,-0.077908504,-0.076483691,-0.073860817,-0.056541911,-0.058826873,-0.061993
2015-10-01,-0.032887012,-0.038309761,-0.046629468,-0.078302034,-0.032451898,-0.018884945,-0.035693
2015-11-01,0.0430311959,0.0850004357,0.1068256788,0.0997693126,0.0500757017,0.0394195334,0.072542
2015-12-01,-0.01182354,0.0086289158,0.0374434548,0.0178157182,0.005599291,0.0048321431,0.000136
2016-01-01,0.0262597077,-0.044676259,-0.04164918,-0.019177016,-0.016979515,-0.013198182,-0.024447
2016-02-01,-0.052863792,-0.039802424,-0.078700569,-0.066691029,-0.045067347,-0.031178981,-0.058253
2016-03-01,-0.028012171,-0.016797617,-0.025170345,-0.0873134,-0.041517223,-0.001862114,-0.001802
2016-04-01,0.0410430748,0.0103047169,0.0438283277,0.0386394084,-0.000766385,0.0103601895,0.068122
2016-05-01,0.0300963325,0.009974062,-0.001234336,-0.006344818,0.0105039663,0.0048069917,0.010483
2016-06-01,0.0233390921,0.013852441,0.0068515591,0.0292841259,0.0259310425,0.0065988878,0.011925
2016-07-01,-0.024051302,-0.056914049,-0.055151167,-0.09123566,-0.017780173,0.0084316442,0.000875
2016-08-01,0.0623891339,0.0450013897,0.0621733331,0.0580380153,0.0221413689,0.039115587,0.037567
2016-09-01,-0.020846882,0.0033959707,0.017491176,-0.00081806,0.0138943084,0.0152491322,0.000463
2016-10-01,-0.000768342,0.0022701448,-0.001661367,-0.002414652,-0.003049874,0.0087897075,0.001235
2016-11-01,-0.02138094,0.0134152298,0.0040877294,0.0491796079,-0.029144175,-0.002185602,-0.022789
2016-12-01,0.0175888596,0.0065382906,-0.007426236,0.0492327534,0.0127990142,-0.026417472,0.03804
2017-01-01,0.0380303779,0.0597572822,0.0691581978,0.0347754026,0.0371820199,0.0481795593,0.016625
2017-02-01,-0.00763239,-0.012212098,0.0106274103,0.0008019464,0.0105943693,-0.002282854,0.02113
2017-03-01,0.0173745863,0.016039615,0.0222636631,0.0087989266,0.0297295106,0.0274597652,0.030496
2017-04-01,0.0247540407,0.0546210339,0.0325681394,-0.013350814,0.018320564,0.0120661693,0.000191
2017-05-01,0.0059649687,0.0361004316,0.0131499254,0.0116113019,0.0260066462,-0.001281378,0.008535
2017-06-01,-0.033331235,0.0188526193,0.0080550004,0.0241681132,0.0182637465,0.0400755916,0.006983
2017-07-01,-0.00085282,-0.024244227,-0.025479777,0.0252525947,0.0033930681,-0.030744245,0.00769
2017-08-01,0.0037973696,-0.008060854,-0.007437645,0.00395756,0.0160989814,0.0092708817,0.018893
2017-09-01,-0.000941635,0.0055965561,-0.000720812,0.0002066883,-0.014386118,0.0075741901,-0.000638
2017-10-01,-0.005568312,0.0433680628,0.0581979616,0.0328135309,0.0291401237,-0.004772126,0.022122
2017-11-01,0.0397155319,0.0272194783,0.0284630396,0.0514709342,0.0186807814,0.0141147124,0.01819
2017-12-01,0.0134083718,-0.016285537,-0.01148694,0.0173198173,-0.00084753,-0.021526652,0.024905
2018-01-01,0.0167914114,-0.005089277,-0.000481986,0.0127129309,0.0059847313,0.0431952097,0.010264
2018-02-01,-0.003360814,0.0291968336,0.0209213139,0.012481133,0.0090159168,-0.020276835,0.049625
2018-03-01,-0.007735367,-0.030132588,-0.047194078,-0.036130095,-0.044679476,-0.034041329,-0.041323
2018-04-01,-0.040753538,-0.014106815,-0.022757769,-0.02678473,-0.01991091,-0.021462425,-0.020288
2018-05-01,0.0336542704,0.0600659132,0.0296934562,0.0335658151,0.0203695394,0.0568482131,0.00357
2018-06-01,0.0066610973,-0.012390465,-0.012893854,-0.016161555,-0.038067586,0.0190404112,0.023849
2018-07-01,0.0266794485,-0.027264954,-0.033398709,-0.008257234,0.0226001315,-0.002831833,0.003576
2018-08-01,0.0135331339,0.0240517585,0.0373102399,0.0106071068,0.0455811748,0.0129734925,0.030436
2018-09-01,0.009914579,-0.00573714,-0.020027495,-0.009734504,-0.016391613,-0.035812183,0.027765
2018-10-01,-0.017788328,0.0089074836,-0.01903668,0.0454606637,0.0025802081,0.0047002282,-0.001212
2018-11-01,-0.064488944,-0.071275669,-0.061798255,-0.091894986,-0.023200965,-0.056427818,-0.075113
2018-12-01,-0.035774157,-0.019806166,-0.022296396,0.0263822323,-0.008265446,-0.020609561,0.016171
2019-01-01,-0.007910364,-0.019120178,-0.033774098,-0.102516444,-0.047120011,-0.043578283,-0.092124
2019-02-01,0.0344401028,0.0526610363,0.0583104957,0.0470677331,0.0697805657,0.0447753766,0.087067
2019-03-01,0.0459885361,0.0366599505,0.0204588816,0.0268227868,0.0406929253,0.0205260901,0.030666
2019-04-01,-0.003983675,0.0079553162,-0.000465216,-0.009632715,0.0072446172,0.023778066,0.01114
2019-05-01,0.0236616756,0.043506372,0.0630105817,0.0175263603,0.0304401857,0.0181464052,0.0367
2019-06-01,0.0124835274,-0.062064769,-0.069854622,-0.06127341,-0.027940784,-0.03558228,-0.063898
2019-07-01,0.0319804834,0.0514127304,0.0440261234,0.0236157175,0.0314590788,0.0288670933,0.065283
2019-08-01,0.0312280222,-0.003660049,-0.013071948,0.0109878904,0.0082271169,0.0177116943,0.010702
2019-09-01,-0.027319078,-0.004892238,-0.012676749,-0.031957817,-0.003196831,-0.043100134,-0.022372
2019-10-01,0.0151827239,0.0274530538,0.0310562456,0.0475616221,0.0072594062,0.0299117509,0.014169
2019-11-01,-0.005749973,0.0217958681,0.0405585939,0.0483232945,0.0056199632,-0.013106298,0.018086
2019-12-01,0.0208324974,0.0300025454,0.0325520537,0.0207392942,0.0240775982,0.0180661341,0.032986
2020-01-01,-0.021852089,0.0105306357,0.0069454415,0.011346305,0.0117691418,0.0334416289,0.026242
2020-02-01,0.0465117842,-0.018383087,-0.012746421,-0.020743426,-0.000194425,-0.03009021,-0.002849
2020-03-01,-0.085033033,-0.073310726,-0.08189209,-0.100842189,-0.074188735,-0.093868821,-0.079868
2020-04-01,-0.221394264,-0.161932314,-0.147164373,-0.070388983,-0.075778516,-0.152461983,-0.143685
2020-05-01,0.0971432974,0.0504427511,0.0979444162,0.0437393702,0.0316874063,0.0472617019,0.128408
2020-06-01,0.0482855141,0.0366684144,0.0589206956,0.0686159624,0.0277228152,0.0278673522,0.051688
2020-07-01,0.0218205013,0.0390186373,0.0327684097,-0.001605237,0.0194608529,0.0122797226,0.023522
2020-08-01,0.0099269184,-0.027930478,-0.005076044,-0.037886471,0.0032502179,-0.036863413,0.054411
2020-09-01,0.0324360355,0.0340859475,0.0475428275,0.0780835082,0.0239798745,0.0161329769,0.066798
2020-10-01,-0.037146789,-0.020521973,-0.015064743,0.008518475,0.0030366576,-0.014318639,-0.036515
2020-11-01,0.0196692901,-0.033001062,-0.08076639,-0.027096785,-0.053223891,-0.037024599,-0.021218
2020-12-01,0.0976932083,0.1771280218,0.1327500246,0.1048055792,0.0889047958,0.1201440966,0.122019
2021-01-01,0.0162010784,0.0146020462,0.0402292548,0.0289821164,0.0224790791,0.0354769186,0.043244
2021-02-01,0.0064526457,-0.027899623,0.0001027973,0.0028609928,-0.009146961,-0.006907772,-0.001611
2021-03-01,0.0092500697,0.0515973837,0.018672856,0.0289055052,-0.000343274,0.0109003537,0.027888
2021-04-01,0.0137086818,0.0598841433,0.0725930065,0.0438253543,0.0599401924,0.0429337046,0.029086
2021-05-01,0.0367874563,0.0463487723,0.0076355046,-0.027242001,0.0040064035,0.0394711221,0.047301
2021-06-01,0.0188358431,0.0250511112,0.0160113657,0.0111089237,0.0294182256,0.0102123327,0.005786
2021-07-01,0.0192950568,0.0115346179,0.0145853769,0.0137048168,0.0371911506,-0.00261268,0.022021
2021-08-01,0.0090551949,0.0142385708,0.0056033821,-0.023254736,0.0202670816,0.0058508701,0.010952
2021-09-01,0.022316404,0.003831892,0.0229937765,0.0310017482,0.0226667623,0.0128801324,0.025841
2021-10-01,-0.022524516,-0.02884885,-0.036020721,0.0323338853,-0.056865346,-0.017769511,-0.043531
2021-11-01,0.003314123,0.0589812104,0.018926823,-0.013337749,0.0355674703,0.0109805268,0.06376
2021-12-01,-0.00946284,-0.004142852,-0.029940372,-0.036549703,-0.009939529,-0.020334651,-0.019707
2022-01-01,0.0259812749,0.0446486207,0.0311039502,0.0287976023,0.0599461087,0.0387244832,0.031573
2022-02-01,-0.063893136,-0.03839682,-0.034907932,-0.050832523,-0.059497925,-0.006378848,-0.060568
2022-03-01,0.005965354,-0.048582602,-0.060637912,-0.005779937,-0.018223405,-0.012314665,-0.023121
2022-04-01,0.0659659855,0.0041002905,-0.011899938,0.0312497601,0.0120353806,0.0078150551,0.02894
2022-05-01,-0.003218504,-0.023315303,-0.02300009,-0.022460091,-0.006826441,-0.003737629,-0.090295
2022-06-01,-0.050602806,-0.018129823,-0.006801041,0.0034985175,-0.040145574,-0.001091816,-0.00374
2022-07-01,-0.095509251,-0.071592694,-0.120559962,-0.018272881,-0.078308867,-0.056636146,-0.085822
2022-08-01,0.0645119889,0.1031890402,0.0533931925,0.0385704688,0.0491925638,0.0314397605,0.089287
2022-09-01,0.0094482059,-0.047565756,-0.056077085,0.0116427352,-0.031490364,-0.031211137,-0.037918
2022-10-01,-0.074124918,-0.06280764,-0.083632676,-0.061997787,-0.072495858,-0.063394987,-0.09303
2022-11-01,0.0526949379,0.0690588832,0.0774225852,0.0496223583,0.0437612433,0.0292141429,0.076265
2022-12-01,0.0606354537,0.0827846563,0.0865525739,0.0249135504,0.0441750829,0.0656692443,0.050479
2023-01-01,-0.035193115,-0.040527365,-0.038484093,-0.04759969,-0.030926114,-0.016337279,-0.059152
2023-02-01,0.0622718437,0.097851625,0.0955616021,0.0404120101,0.0587630933,0.0423456953,0.070884
2023-03-01,-0.029804234,0.0155358633,0.0118441789,0.0090826886,-0.01491037,0.0159161344,-0.026252
2023-04-01,-0.013608264,0.0127941256,0.0137970906,0.0046085849,0.0185843219,-0.035813307,0.022043
2023-05-01,0.0165119908,0.0271932925,0.0109741193,0.0273976045,0.0224724861,0.0268350461,0.007865
2023-06-01,-0.032765959,-0.051769361,-0.046874614,0.0316501097,-0.026986475,-0.05079719,-0.001057
2023-07-01,0.0171276426,0.0365625299,0.0255129701,0.073896852,0.0059200107,0.0021957753,0.064342
2023-08-01,0.02847096,0.0064836331,0.021515067,0.014551573,0.0031018817,0.0240647323,0.034672
2023-09-01,-0.013596026,-0.031158024,-0.034139154,0.0041840439,-0.024516351,-0.029674184,-0.022266
2023-10-01,-0.033349047,-0.040616658,-0.035682372,-0.003763109,-0.015830682,0.0206198279,-0.04886
2023-11-01,-0.039232693,-0.03658876,-0.04531893,-0.029467242,-0.058794839,-0.042825625,-0.029857
2023-12-01,0.0440004796,0.0576029306,0.0794697743,0.0541306709,0.0438920132,0.0237635166,0.090037
2024-01-01,0.0704390968,0.0343773904,0.0270357561,-0.004758363,0.0212013343,0.0427604015,0.051476
2024-02-01,0.0118124149,0.0173604602,0.0036065756,0.073194894,0.0119635625,-0.012920309,0.006743
2024-03-01,0.0056273682,0.0339363541,0.0291297096,0.0482184848,0.0161446527,0.0009335002,0.049052
2024-04-01,0.0224178308,0.0230766403,0.0387325755,0.032797475,0.0254820529,0.0407574297,0.030938
2024-05-01,-0.029078895,-0.024621221,-0.027393173,-0.014466635,-0.023911258,0.0229765656,-0.043636
2024-06-01,0.0043511001,0.0020936293,0.0112209197,0.0051351964,0.049704664,0.0203920036,0.044979
2024-07-01,0.0074505462,-0.064333549,-0.012921937,0.013798241,-0.00667537,-0.019399441,0.02438
2024-08-01,0.0378877628,0.0014661016,0.0034312064,-0.00427528,0.0105790762,0.0326108964,0.019
2024-09-01,0.0006347586,0.0174066248,0.0174544034,-0.024809316,0.0044871626,0.001457034,0.020203
2024-10-01,0.0251925478,0.0079895956,0.0263278122,-0.023069125,-0.012427661,-0.018879687,0.019485
2024-11-01,-0.012248121,-0.051596499,-0.020619831,0.0168979621,-0.031321578,-0.018265603,-0.009139
2024-12-01,0.031699571,-0.021333653,0.0197995011,-0.007407592,3.1828e-05,0.0219719954,0.063463
